{
  "$schema": "https://titan.apimatic.io/api/build/schema",
  "buildFileVersion": "1",
  "generatePortal": {
    
    "baseUrl": "http://127.0.0.1",
    "indexable": {},

    "contentFolder": "./",
    "apiSpecPath": "./spec",
    "apiSpecs": [],
    "apiMergeSettings": {
      "type": "Full"
    },
    "languageConfig": {
      "http": {},
      "csharp": {},
      "java": {},
      "php": {},
      "python": {},
      "ruby": {},
      "typescript": {},
      "go": {}
    },
    "portalSettings": {
      "container": "apimatic-widget",
      "portalStyle": "default",
      "apiKey": "xxx",
      "baseUrl": "./",
      "enableExport": true,
      "enableAnalytics": true,
      "enableConsoleCalls": true,
      "useProxyForConsoleCalls": true,
      "languageSettings": {
        "http_curl_v1": {
          "sdkDownloadLink": "",
          "disableSdkDownload": false
        },
        "cs_net_standard_lib": {
          "sdkDownloadLink": "",
          "disableSdkDownload": false
        },
        "java_eclipse_jre_lib": {
          "sdkDownloadLink": "",
          "disableSdkDownload": false
        },
        "php_generic_lib_v2": {
          "sdkDownloadLink": "",
          "disableSdkDownload": false
        },
        "python_generic_lib": {
          "sdkDownloadLink": "",
          "disableSdkDownload": false
        },
        "ruby_generic_lib": {
          "sdkDownloadLink": "",
          "disableSdkDownload": false
        },
        "ts_generic_lib": {
          "sdkDownloadLink": "",
          "disableSdkDownload": false
        },
        "go_generic_lib": {
          "sdkDownloadLink": "",
          "disableSdkDownload": false
        }
      },
      "allowedExportFormats": [
        "postman10",
        "postman20",
        "openapi31json",
        "openapi31yaml",
        "openapi3json",
        "openapi3yaml",
        "swagger20",
        "swaggeryaml",
        "swagger10",
        "raml",
        "raml10",
        "apiblueprint",
        "wadl2009",
        "apimatic",
        "wsdl",
        "insomnia",
        "insomniayaml"
      ],
      "themeOverrides": {
        "palette": {
          "primaryColor": "#0c7ff2",
          "linkColor": "#0062FF"
        },
        "fontSource": [
          "https://fonts.googleapis.com/css?family='Rubik':100,100i,300,300i,400,400i,500,500i,700,700i,900,900i",
          "https://fonts.googleapis.com/css?family=Courier+Prime:100,100i,300,300i,400,400i,500,500i,700,700i,900,900i"
        ],
        "cssStyles": {
          "headings": {
            "fontFamily": "'Rubik', sans-serif",
            "h1": {
              "fontFamily": "'Rubik', sans-serif",
              "fontSize": "27px",
              "fontWeight": "500",
              "fontStyle": "normal",
              "lineHeight": "1.3"
            },
            "h2": {
              "fontFamily": "'Rubik', sans-serif",
              "fontSize": "24px",
              "fontWeight": "500",
              "fontStyle": "normal",
              "lineHeight": "1.3"
            },
            "h3": {
              "fontFamily": "'Rubik', sans-serif",
              "fontSize": "21.36px",
              "fontWeight": "500",
              "fontStyle": "normal",
              "lineHeight": "1.3"
            },
            "h4": {
              "fontFamily": "'Rubik', sans-serif",
              "fontSize": "18px",
              "fontWeight": "500",
              "fontStyle": "normal",
              "lineHeight": "1.3"
            },
            "h5": {
              "fontFamily": "'Rubik', sans-serif",
              "fontSize": "16px",
              "fontWeight": "500",
              "fontStyle": "normal",
              "lineHeight": "1.3"
            },
            "h6": {
              "fontFamily": "'Rubik', sans-serif",
              "fontSize": "15px",
              "fontWeight": "500",
              "fontStyle": "normal",
              "lineHeight": "1.3"
            }
          },
          "body": {
            "fontFamily": "'Rubik', sans-serif",
            "text1": {
              "fontFamily": "'Rubik', sans-serif",
              "fontSize": "15px",
              "fontWeight": "400",
              "fontStyle": "normal",
              "lineHeight": "1.75"
            },
            "text2": {
              "fontFamily": "'Rubik', sans-serif",
              "fontSize": "13.33px",
              "fontWeight": "400",
              "fontStyle": "normal",
              "lineHeight": "1.75"
            },
            "text3": {
              "fontFamily": "'Rubik', sans-serif",
              "fontSize": "11.85px",
              "fontWeight": "400",
              "fontStyle": "normal",
              "lineHeight": "1.75"
            }
          },
          "code": {
            "fontFamily": "Courier Prime, monospace",
            "inlineCode": {
              "fontFamily": "Courier Prime, monospace",
              "fontSize": "15px",
              "fontWeight": "400",
              "fontStyle": "normal",
              "lineHeight": "1.75"
            },
            "blockCode": {
              "fontFamily": "Courier Prime, monospace",
              "fontSize": "15px",
              "fontWeight": "400",
              "fontStyle": "normal",
              "lineHeight": "1.75"
            }
          }
        }
      },
      "codegenApiRoutes": {
        "docsgen": "/static/docs/{template}.json",
        "codegen": "/static/sdks/{template}.zip",
        "transform": "/static/exports/{format}.{ext}"
      },
      "renameHttpToRest": false
    },
    "tailIncludes": "<script defer src='./static/scripts/guided-walkthroughs/FetchTheTopStoryAndAuthorDetails.js'></script><script>document.addEventListener('DOMContentLoaded', (event) => {APIMaticDevPortal.ready(({ registerWorkflow }) => {registerWorkflow('page:guided-walkthroughs/FetchTheTopStoryAndAuthorDetails','Fetch the top story and its author details',FetchTheTopStoryAndAuthorDetails);});});</script>",
    "pageTitle": "Hacker News",
    "navTitle": "APIMatic",
    "logoUrl": "https://apimaticio.blob.core.windows.net/images/draft-logos/Hacker-News-logo-a8360060-af55-4baa-a44c-1ed84f360b71.webp",
    "logoLink": "",
    "faviconUrl": "https://apimaticio.blob.core.windows.net/images/draft-favicons/y18favicon-3d5b7cd9-3033-4f8a-a536-27247f48db93.svg",
    "whiteLabel": false,
    "useHostedPortalScript": true,
    "debug": {
      "publishReport": false,
      "dumpImportedApi": false,
      "reportPath": "./apimatic-debug/apimatic-report.html",
      "importedApiDumpPath": "./apimatic-debug/imported-api-dump.json"
    }
  }
}