{
  "post": {
    "tags": [
      "Authentication"
    ],
    "summary": "Generate Access Token",
    "description": "Generate an access token for Dwolla's Connect API",
    "operationId": "createAccessToken",
    "security": [
      {
        "basicAuth": []
      }
    ],
    "requestBody": {
      "content": {
        "application/x-www-form-urlencoded": {
          "schema": {
            "type": "object",
            "properties": {
              "grant_type": {
                "type": "string",
                "enum": [
                  "client_credentials"
                ]
              }
            },
            "required": [
              "client_id",
              "client_secret",
              "grant_type"
            ]
          }
        }
      }
    },
    "responses": {
      "200": {
        "description": "OK",
        "content": {
          "application/json": {
            "schema": {
              "type": "object",
              "properties": {
                "access_token": {
                  "type": "string"
                },
                "token_type": {
                  "type": "string"
                },
                "expires_in": {
                  "type": "integer"
                }
              }
            },
            "example": {
              "access_token": "connect.eyJhbGciOiJIUzI1NiJ9.eyJpc3MiOiJUaGlzIGlzIE5PVCBhIHJlYWwgRHdvbGxhIENvbm5lY3QgdG9rZW4ifQ.TB05eEU58XdygDMPcIlYVDRZvX3aQMbwJRYoQhu_KP0",
              "token_type": "Bearer",
              "expires_in": 3599
            }
          }
        }
      }
    }
  }
}
