{
  "post": {
    "tags": [
      "Transfers"
    ],
    "summary": "Create Transfer",
    "description": "Create a new Transfer, sending money from a `source` Funding Source to a `destination` Funding Source.\n\nIf the sender Funding Source has a `treasuryAccount` link, the Transfer type will be `credit`; otherwise, if the `treasuryAccount` link is on the destination Funding Source, the Transfer type will be `debit`.",
    "operationId": "createTransfer",
    "requestBody": {
      "content": {
        "application/json": {
          "schema": {
            "$ref": "../../schemas/transfers/CreateTransferRequestBody.json#/CreateTransferRequestBody"
          },
          "example": {
            "_links": {
              "source": {
                "href": "https://api.dwolla.com/funding-sources/cdc9c38f-6350-48c1-8fe0-6335145a502c"
              },
              "destination": {
                "href": "https://api.dwolla.com/funding-sources/f5ac7b1f-45c7-4ba2-8c5c-8cd7541261be"
              }
            },
            "amount": {
              "currency": "USD",
              "value": "10.00"
            }
          }
        }
      }
    },
    "responses": {
      "201": {
        "description": "Created",
        "headers": {
          "Location": {
            "$ref": "../../schemas/common.json#/components/headers/Location"
          }
        }
      }
    }
  }
}
