{
  "get": {
    "tags": [
      "Transfers"
    ],
    "summary": "Get Transfer",
    "description": "Get detailed information of a Transfer by ID.",
    "operationId": "getTransfer",
    "parameters": [
      {
        "in": "path",
        "name": "id",
        "description": "UUID of Transfer",
        "schema": {
          "type": "string",
          "format": "uuid"
        },
        "required": true
      }
    ],
    "responses": {
      "200": {
        "description": "OK",
        "content": {
          "application/vnd.dwolla.v1.hal+json": {
            "schema": {
              "$ref": "../../schemas/transfers/Transfer.json#/Transfer"
            },
            "example": {
              "_links": {
                "self": {
                  "href": "https://api.dwolla.com/transfers/7a6a0c6f-a849-431e-8288-0f89c85c9d55",
                  "type": "application/vnd.dwolla.v1.hal+json",
                  "resource-type": "transfer"
                },
                "source": {
                  "href": "https://api.dwolla.com/accounts/62e88a41-f5d0-4a79-90b3-188cf11a3966",
                  "type": "application/vnd.dwolla.v1.hal+json",
                  "resource-type": "account"
                },
                "source-funding-source": {
                  "href": "https://api.dwolla.com/funding-sources/f815137a-f7b1-432b-976b-e52832ede996",
                  "type": "application/vnd.dwolla.v1.hal+json",
                  "resource-type": "funding-source"
                },
                "destination": {
                  "href": "https://api.dwolla.com/external-parties/d295106b-ca20-41ad-9774-286e34fd3c2d",
                  "type": "application/vnd.dwolla.v1.hal+json",
                  "resource-type": "customer"
                },
                "destination-funding-source": {
                  "href": "https://api.dwolla.com/funding-sources/c486c7ac-9e7a-44dd-a6f6-44e1166a5748",
                  "type": "application/vnd.dwolla.v1.hal+json",
                  "resource-type": "funding-source"
                }
              },
              "id": "7a6a0c6f-a849-431e-8288-0f89c85c9d55",
              "created": "2023-07-17T20:32:55.679Z",
              "amount": {
                "value": "10.00",
                "currency": "USD"
              },
              "status": "failed",
              "processingChannel": "ach",
              "failureReason": {
                "description": "Invalid combination of ACH company ID and funding source",
                "code": "GCA-051",
                "explanation": "The requested funding source and treasury account combination is invalid. Check funding source and treasury account for accuracy and re-add if necessary"
              }
            }
          }
        }
      }
    }
  }
}
