{
  "get": {
    "tags": [
      "Accounts",
      "Funding Sources"
    ],
    "summary": "List Funding Sources for Account",
    "description": "List all Funding Sources that have been created for your Main Account.",
    "operationId": "listFundingSourcesForAccount",
    "parameters": [
      {
        "in": "path",
        "name": "id",
        "description": "UUID of Main Account",
        "schema": {
          "type": "string",
          "format": "uuid"
        },
        "required": true
      }
    ],
    "responses": {
      "200": {
        "description": "OK",
        "content": {
          "application/vnd.dwolla.v1.hal+json": {
            "schema": {
              "$ref": "../../schemas/funding-sources/FundingSources.json#/FundingSources"
            },
            "example": {
              "_links": {
                "self": {
                  "href": "https://api.dwolla.com/accounts/22926523-b517-43b9-959b-6ac4a422d71e/funding-sources",
                  "type": "application/vnd.dwolla.v1.hal+json",
                  "resource-type": "funding-source"
                }
              },
              "_embedded": {
                "funding-sources": [
                  {
                    "_links": {
                      "self": {
                        "href": "https://api.dwolla.com/funding-sources/f815137a-f7b1-432b-976b-e52832ede996",
                        "type": "application/vnd.dwolla.v1.hal+json",
                        "resource-type": "funding-source"
                      },
                      "treasury-account": {
                        "href": "https://api.dwolla.com/treasury-accounts/e60d1372-f398-4c03-b4e7-499a4a7f8b27",
                        "type": "application/vnd.dwolla.v1.hal+json",
                        "resource-type": "treasury-account"
                      }
                    },
                    "id": "f815137a-f7b1-432b-976b-e52832ede996",
                    "bankAccountType": "checking",
                    "name": "My Test Bank",
                    "created": "2023-07-17T18:04:24.772Z",
                    "removed": false
                  },
                  {
                    "_links": {
                      "self": {
                        "href": "https://api.dwolla.com/funding-sources/9062c625-2094-47ed-9d1f-f40315e4bea7",
                        "type": "application/vnd.dwolla.v1.hal+json",
                        "resource-type": "funding-source"
                      },
                      "treasury-account": {
                        "href": "https://api.dwolla.com/treasury-accounts/ea5f9468-4374-410f-b52e-5461d8cbca98",
                        "type": "application/vnd.dwolla.v1.hal+json",
                        "resource-type": "treasury-account"
                      },
                      "remove": {
                        "href": "https://api.dwolla.com/funding-sources/9062c625-2094-47ed-9d1f-f40315e4bea7",
                        "type": "application/vnd.dwolla.v1.hal+json",
                        "resource-type": "funding-source"
                      }
                    },
                    "id": "9062c625-2094-47ed-9d1f-f40315e4bea7",
                    "bankAccountType": "checking",
                    "name": "My Test Bank",
                    "created": "2023-09-15T18:50:34.866Z",
                    "removed": false
                  }
                ]
              }
            }
          }
        }
      }
    }
  }
}
