{
  "CreateExternalPartyRequestBody": {
    "title": "CreateExternalPartyRequestBody",
    "oneOf": [
      {
        "$ref": "#/CreateBusinessExternalPartyRequestBody"
      },
      {
        "$ref": "#/CreatePersonalExternalPartyRequestBody"
      }
    ]
  },
  "CreateBusinessExternalPartyRequestBody": {
    "title": "CreateBusinessExternalPartyRequestBody",
    "type": "object",
    "properties": {
      "businessName": {
        "type": "string"
      },
      "email": {
        "type": "string",
        "format": "email"
      }
    },
    "required": [
      "businessName",
      "email"
    ]
  },
  "CreatePersonalExternalPartyRequestBody": {
    "title": "CreatePersonalExternalPartyRequestBody",
    "type": "object",
    "properties": {
      "firstName": {
        "type": "string"
      },
      "lastName": {
        "type": "string"
      },
      "email": {
        "type": "string",
        "format": "email"
      }
    },
    "required": [
      "firstName",
      "lastName",
      "email"
    ]
  }
}