{
  "ExternalParty": {
    "title": "ExternalParty",
    "oneOf": [
      {
        "$ref": "#/BusinessExternalParty"
      },
      {
        "$ref": "#/PersonalExternalParty"
      }
    ]
  },
  "BusinessExternalParty": {
    "title": "BusinessExternalParty",
    "type": "object",
    "properties": {
      "_links": {
        "additionalProperties": {
          "$ref": "../common.json#/components/schemas/HalLink"
        }
      },
      "id": {
        "type": "string",
        "format": "uuid"
      },
      "businessName": {
        "type": "string"
      },
      "email": {
        "type": "string",
        "format": "email"
      },
      "externalPartyType": {
        "type": "string",
        "enum": [
          "business"
        ]
      },
      "created": {
        "type": "string",
        "format": "date-time"
      }
    }
  },
  "PersonalExternalParty": {
    "title": "PersonalExternalParty",
    "type": "object",
    "properties": {
      "_links": {
        "additionalProperties": {
          "$ref": "../common.json#/components/schemas/HalLink"
        }
      },
      "id": {
        "type": "string",
        "format": "uuid"
      },
      "firstName": {
        "type": "string"
      },
      "lastName": {
        "type": "string"
      },
      "email": {
        "type": "string",
        "format": "email"
      },
      "externalPartyType": {
        "type": "string",
        "enum": [
          "personal"
        ]
      },
      "created": {
        "type": "string",
        "format": "date-time"
      }
    }
  }
}