{"openapi":"3.0.1","info":{"title":"Core","description":"All included utility endpoints for Basiq partners","version":"3.0.0","termsOfService":"https://docs.basiq.io/en/collections/440849-privacy-terms-and-common-questions","license":{"name":"Commercial","url":"https://basiq.io"}},"servers":[{"url":"https://au-api.basiq.io"}],"paths":{"/token":{"post":{"tags":["Authentication"],"summary":"Generate an auth token","description":"Use this endpoint to retrieve a token that will be passed as authorization header for Basiq API","operationId":"postToken","parameters":[{"name":"basiq-version","in":"header","required":true,"schema":{"type":"string","example":"3.0"}}],"requestBody":{"content":{"application/x-www-form-urlencoded":{"schema":{"properties":{"scope":{"type":"string"},"userId":{"type":"string"}}},"examples":{"client_access":{"summary":"For all client side requests","value":{"scope":"CLIENT_ACCESS","userId":"6dd30ce4-d4ba-11ec-9d64-0242ac120002"}},"server_access":{"summary":"For all server side requests","value":{"scope":"SERVER_ACCESS"}}}}}},"responses":{"200":{"description":"Return token object that will be used for Basiq API requests. ","content":{"application/json":{"schema":{"$ref":"#/components/schemas/TokenPostResponse"}}}},"400":{"description":"Returns error that server cannot or will not process the request as it does not conform.","content":{"application/json":{"schema":{"$ref":"#/components/schemas/BadRequestError"}}}},"404":{"description":"Returns error indicating that server can't find requested resource.","content":{"application/json":{"schema":{"$ref":"#/components/schemas/NotFoundError"}}}},"500":{"description":"Returns error response code indicates that the server encountered an unexpected condition that prevented it from fulfilling the request.","content":{"application/json":{"schema":{"$ref":"#/components/schemas/InternalServerError"}}}}},"security":[{"api_key":[]}]}},"/users":{"post":{"tags":["Users"],"summary":"Create a user","description":"Creates a new Basiq user object","operationId":"createUser","requestBody":{"content":{"application/json":{"schema":{"$ref":"#/components/schemas/createUser"},"examples":{"user":{"summary":"For All Users","value":{"email":"gavin@hooli.com","mobile":"+61410888666","firstName":"Gavin","middleName":"","lastName":"Belson"}},"Bcc":{"summary":"For Business Users","value":{"email":"gavin@hooli.com","mobile":"+61410888999","firstName":"Gavin","middleName":"middle name","lastName":"Belson","businessName":"Manly Accounting PTY LTD","businessIdNo":"16 7645 892","businessIdNoType":"ABN","businessAddress":{"addressLine1":"21 Sydney Rd","addressLine2":"","suburb":"Manly","state":"NSW","postcode":"2095","countryCode":"AUS"},"verificationStatus":true,"verificationDate":"12/01/2024"}}}}},"required":true},"responses":{"201":{"description":"Returns the user object if the creation succeeded.","content":{"application/json":{"schema":{"$ref":"#/components/schemas/UserPostResponse"}}}},"400":{"description":"Returns error that server cannot or will not process the request due to something that is perceived to be a client error.","content":{"application/json":{"schema":{"$ref":"#/components/schemas/BadRequestError"}}}},"401":{"description":"Error status response code indicates that the request has not been applied because it lacks valid authentication credentials for the target resource.","content":{"application/json":{"schema":{"$ref":"#/components/schemas/UnauthorizedError"}}}},"403":{"description":"Error that access is forbidden and tied to the application logic, such as insufficient rights to a resource.","content":{"application/json":{"schema":{"$ref":"#/components/schemas/ForbiddenAccessError"}}}},"404":{"description":"Returns error indicating that server can't find requested resource.","content":{"application/json":{"schema":{"$ref":"#/components/schemas/NotFoundError"}}}},"500":{"description":"Returns error response code indicates that the server encountered an unexpected condition that prevented it from fulfilling the request.","content":{"application/json":{"schema":{"$ref":"#/components/schemas/InternalServerError"}}}}},"security":[{"services_token":[]}]}},"/users/{userId}":{"get":{"tags":["Users"],"summary":"Retrieve a user","description":"Retrieves the details of an existing user. You need only supply the unique user identifier that was returned upon user creation.","operationId":"getUser","parameters":[{"name":"userId","in":"path","description":"The identifier of the user to be retrieved.","required":true,"schema":{"type":"string"}}],"responses":{"200":{"description":"Returns a user if a valid user ID was provided.","content":{"application/json":{"schema":{"$ref":"#/components/schemas/UserGetResponse"}}}},"400":{"description":"Returns error that server cannot or will not process the request due to something that is perceived to be a client error.","content":{"application/json":{"schema":{"$ref":"#/components/schemas/BadRequestError"}}}},"401":{"description":"Error status response code indicates that the request has not been applied because it lacks valid authentication credentials for the target resource.","content":{"application/json":{"schema":{"$ref":"#/components/schemas/UnauthorizedError"}}}},"403":{"description":"Error that access is forbidden and tied to the application logic, such as insufficient rights to a resource.","content":{"application/json":{"schema":{"$ref":"#/components/schemas/ForbiddenAccessError"}}}},"404":{"description":"Returns error indicating that server can't find requested resource.","content":{"application/json":{"schema":{"$ref":"#/components/schemas/NotFoundError"}}}},"500":{"description":"Returns error response code indicates that the server encountered an unexpected condition that prevented it from fulfilling the request.","content":{"application/json":{"schema":{"$ref":"#/components/schemas/InternalServerError"}}}}},"security":[{"services_token":[]}]},"post":{"tags":["Users"],"summary":"Update a user","description":"Updates the specified user by setting the values of the parameters passed. Any parameters not provided will be left unchanged.","operationId":"updateUser","parameters":[{"name":"userId","in":"path","description":"The identifier of the user to be retrieved.","required":true,"schema":{"type":"string"}}],"requestBody":{"content":{"application/json":{"schema":{"$ref":"#/components/schemas/updateUser"}}},"required":true},"responses":{"200":{"description":"Returns the user object if the update succeeded.","content":{"application/json":{"schema":{"$ref":"#/components/schemas/UserPostResponse"}}}},"400":{"description":"Returns error that server cannot or will not process the request due to something that is perceived to be a client error.","content":{"application/json":{"schema":{"$ref":"#/components/schemas/BadRequestError"}}}},"401":{"description":"Error status response code indicates that the request has not been applied because it lacks valid authentication credentials for the target resource.","content":{"application/json":{"schema":{"$ref":"#/components/schemas/UnauthorizedError"}}}},"403":{"description":"Error that access is forbidden and tied to the application logic, such as insufficient rights to a resource.","content":{"application/json":{"schema":{"$ref":"#/components/schemas/ForbiddenAccessError"}}}},"404":{"description":"Returns error indicating that server can't find requested resource.","content":{"application/json":{"schema":{"$ref":"#/components/schemas/NotFoundError"}}}},"500":{"description":"Returns error response code indicates that the server encountered an unexpected condition that prevented it from fulfilling the request.","content":{"application/json":{"schema":{"$ref":"#/components/schemas/InternalServerError"}}}}},"security":[{"services_token":[]}]},"delete":{"tags":["Users"],"summary":"Delete a user","description":"Permanently deletes a user along with all of their associated connection details. All data associated with this user will deleted. You need only supply the unique user identifier that was returned upon user creation.","operationId":"deleteUser","parameters":[{"name":"userId","in":"path","description":"User identification.","required":true,"schema":{"type":"string"}}],"responses":{"204":{"description":"Deletion succeeded.","content":{}},"400":{"description":"Returns error that server cannot or will not process the request due to something that is perceived to be a client error.","content":{"application/json":{"schema":{"$ref":"#/components/schemas/BadRequestError"}}}},"401":{"description":"Error status response code indicates that the request has not been applied because it lacks valid authentication credentials for the target resource.","content":{"application/json":{"schema":{"$ref":"#/components/schemas/UnauthorizedError"}}}},"403":{"description":"Error that access is forbidden and tied to the application logic, such as insufficient rights to a resource.","content":{"application/json":{"schema":{"$ref":"#/components/schemas/ForbiddenAccessError"}}}},"404":{"description":"Returns error indicating that server can't find requested resource.","content":{"application/json":{"schema":{"$ref":"#/components/schemas/NotFoundError"}}}},"500":{"description":"Returns error response code indicates that the server encountered an unexpected condition that prevented it from fulfilling the request.","content":{"application/json":{"schema":{"$ref":"#/components/schemas/InternalServerError"}}}},"503":{"description":"Returns error response code indicates that the server is not ready to handle the request.","content":{"application/json":{"schema":{"$ref":"#/components/schemas/StatusServiceUnavailableError"}}}}},"security":[{"services_token":[]}]}},"/users/{userId}/consents":{"get":{"tags":["Consents"],"summary":"Retrieve consents","description":"Retrieves a list of the user consents","operationId":"getConsents","parameters":[{"name":"userId","in":"path","description":"The identifier of the user","required":true,"schema":{"type":"string"}}],"responses":{"200":{"description":"Returns a list of user consents if they exist.","content":{"application/json":{"schema":{"$ref":"#/components/schemas/UserConsentGetResponses"},"examples":{"active":{"value":{"type":"consent","id":"61acee1d-4508-4a96-ad48-42fa68e5bc19","created":"2022-11-01T05:07:00Z","updated":"2022-11-01T05:07:00Z","expiryDate":"2023-11-01T05:07:00Z","status":"active","purpose":{"primary":{"title":"Services requiring full ongoing Personal, Account and Transaction details","description":"We need ongoing access to your Personal, Account and Transaction details in order to fully enable our services."}},"data":{"retainData":true,"permissions":[{"scope":"customer.person.detail","required":true,"entity":"connection","information":{"name":"Name, occupation, contact details","description":"This allows access to personally identifiable information. Specifically your name, occupation, address(es) and contact details.","attributeList":["Name","Occupation","Phone","Email address","Mail address","Residential address"]},"purpose":{"title":"Your Details","description":"We need to confirm your identity."}},{"scope":"account.detail","required":true,"entity":"account","information":{"name":"Account balance and details","description":"This allows access to detailed information of your accounts. It includes basic account information plus account identifiers and product information. It does not include transaction data.","attributeList":["Name of account","Type of account","Account balance","Account number","Interest rates","Fees","Discounts","Account terms","Account mail address"]},"purpose":{"title":"Account Details","description":"We need to capture your account details."}},{"scope":"transaction.detail","required":true,"entity":"transaction","information":{"name":"Transaction details","description":"This allows access to transaction data for your accounts. It includes all account transaction data.","attributeList":["Incoming and outgoing transactions","Amounts","Dates","Descriptions of transactions","Who you have sent money to and received money from"]},"purpose":{"title":"Transaction details","description":"This allows access to transaction data for your accounts. It includes all account transaction data."}}]},"links":{"self":"https://au-api.basiq.io/events/61acee1d-4508-4a96-ad48-42fa68e5bc19"}}},"revoked":{"value":{"type":"consent","id":"61acee1d-4508-4a96-ad48-42fa68e5bc19","created":"2022-11-01T05:07:00Z","updated":"2022-11-01T05:07:00Z","expiryDate":"2023-11-01T05:07:00Z","status":"revoked","purpose":{"primary":{"title":"Services requiring full ongoing Personal, Account and Transaction details","description":"We need ongoing access to your Personal, Account and Transaction details in order to fully enable our services."}},"data":{"retainData":true,"permissions":[{"scope":"customer.person.detail","required":true,"entity":"connection","information":{"name":"Name, occupation, contact details","description":"This allows access to personally identifiable information. Specifically your name, occupation, address(es) and contact details.","attributeList":["Name","Occupation","Phone","Email address","Mail address","Residential address"]},"purpose":{"title":"Your Details","description":"We need to confirm your identity."}},{"scope":"account.detail","required":true,"entity":"account","information":{"name":"Account balance and details","description":"This allows access to detailed information of your accounts. It includes basic account information plus account identifiers and product information. It does not include transaction data.","attributeList":["Name of account","Type of account","Account balance","Account number","Interest rates","Fees","Discounts","Account terms","Account mail address"]},"purpose":{"title":"Account Details","description":"We need to capture your account details."}},{"scope":"transaction.detail","required":true,"entity":"transaction","information":{"name":"Transaction details","description":"This allows access to transaction data for your accounts. It includes all account transaction data.","attributeList":["Incoming and outgoing transactions","Amounts","Dates","Descriptions of transactions","Who you have sent money to and received money from"]},"purpose":{"title":"Transaction details","description":"This allows access to transaction data for your accounts. It includes all account transaction data."}}]},"revoked":"2024-08-15T00:29:15Z","links":{"self":"https://au-api.basiq.io/events/61acee1d-4508-4a96-ad48-42fa68e5bc19"}}},"expired":{"value":{"type":"consent","id":"61acee1d-4508-4a96-ad48-42fa68e5bc19","created":"2022-11-01T05:07:00Z","updated":"2022-11-01T05:07:00Z","expiryDate":"2023-08-29T05:07:00Z","status":"expired","purpose":{"primary":{"title":"Services requiring full ongoing Personal, Account and Transaction details","description":"We need ongoing access to your Personal, Account and Transaction details in order to fully enable our services."}},"data":{"retainData":true,"permissions":[{"scope":"customer.person.detail","required":true,"entity":"connection","information":{"name":"Name, occupation, contact details","description":"This allows access to personally identifiable information. Specifically your name, occupation, address(es) and contact details.","attributeList":["Name","Occupation","Phone","Email address","Mail address","Residential address"]},"purpose":{"title":"Your Details","description":"We need to confirm your identity."}},{"scope":"account.detail","required":true,"entity":"account","information":{"name":"Account balance and details","description":"This allows access to detailed information of your accounts. It includes basic account information plus account identifiers and product information. It does not include transaction data.","attributeList":["Name of account","Type of account","Account balance","Account number","Interest rates","Fees","Discounts","Account terms","Account mail address"]},"purpose":{"title":"Account Details","description":"We need to capture your account details."}},{"scope":"transaction.detail","required":true,"entity":"transaction","information":{"name":"Transaction details","description":"This allows access to transaction data for your accounts. It includes all account transaction data.","attributeList":["Incoming and outgoing transactions","Amounts","Dates","Descriptions of transactions","Who you have sent money to and received money from"]},"purpose":{"title":"Transaction details","description":"This allows access to transaction data for your accounts. It includes all account transaction data."}}]},"links":{"self":"https://au-api.basiq.io/events/61acee1d-4508-4a96-ad48-42fa68e5bc19"}}}}}}},"400":{"description":"Returns error that server cannot or will not process the request due to something that is perceived to be a client error.","content":{"application/json":{"schema":{"$ref":"#/components/schemas/BadRequestError"}}}},"401":{"description":"Error status response code indicates that the request has not been applied because it lacks valid authentication credentials for the target resource.","content":{"application/json":{"schema":{"$ref":"#/components/schemas/UnauthorizedError"}}}},"403":{"description":"Error that access is forbidden and tied to the application logic, such as insufficient rights to a resource.","content":{"application/json":{"schema":{"$ref":"#/components/schemas/ForbiddenAccessError"}}}},"404":{"description":"Returns error indicating that server can't find requested resource.","content":{"application/json":{"schema":{"$ref":"#/components/schemas/NotFoundError"}}}},"500":{"description":"Returns error response code indicates that the server encountered an unexpected condition that prevented it from fulfilling the request.","content":{"application/json":{"schema":{"$ref":"#/components/schemas/InternalServerError"}}}}},"security":[{"services_token":[]}]}},"/users/{userId}/consents/{consentId}":{"delete":{"tags":["Consents"],"summary":"Delete a consent","description":"Permanently deletes a users consent, this action cannot be undone.","operationId":"deleteConsent","parameters":[{"name":"userId","in":"path","description":"User identification.","required":true,"schema":{"type":"string"}},{"name":"consentId","in":"path","description":"Consent identification.","required":true,"schema":{"type":"string"}}],"responses":{"204":{"description":"Deletion succeeded.","content":{}},"400":{"description":"Returns error that server cannot or will not process the request due to something that is perceived to be a client error.","content":{"application/json":{"schema":{"$ref":"#/components/schemas/BadRequestError"}}}},"401":{"description":"Error status response code indicates that the request has not been applied because it lacks valid authentication credentials for the target resource.","content":{"application/json":{"schema":{"$ref":"#/components/schemas/UnauthorizedError"}}}},"403":{"description":"Error that access is forbidden and tied to the application logic, such as insufficient rights to a resource.","content":{"application/json":{"schema":{"$ref":"#/components/schemas/ForbiddenAccessError"}}}},"404":{"description":"Returns error indicating that server can't find requested resource.","content":{"application/json":{"schema":{"$ref":"#/components/schemas/NotFoundError"}}}},"500":{"description":"Returns error response code indicates that the server encountered an unexpected condition that prevented it from fulfilling the request.","content":{"application/json":{"schema":{"$ref":"#/components/schemas/InternalServerError"}}}},"503":{"description":"Returns error response code indicates that the server is not ready to handle the request.","content":{"application/json":{"schema":{"$ref":"#/components/schemas/StatusServiceUnavailableError"}}}}},"security":[{"services_token":[]}]}},"/users/{userId}/auth_link":{"post":{"tags":["AuthLinks"],"summary":"Create an auth_link","description":"Create a new auth_link object by making a POST request to the auth_link endpoint. The new auth_link will effectively delete previous auth_link for that user, rendering the previous URL(s) invalid.\n\nThe 'mobile' attribute is used for 2FA SMS verification and is conditionally required. If it is not specified, we will look up the mobile on the user object; if that is not specified either, you will get an error.  If both are specified, the mobile number on the auth_link will take precedence.","operationId":"postAuthLink","parameters":[{"name":"userId","in":"path","required":true,"schema":{"type":"string"}}],"requestBody":{"content":{"application/json":{"schema":{"type":"object","properties":{"mobile":{"type":"string"}}}}},"required":false},"responses":{"201":{"description":"Returns a created auth_link resource, if the operation succeeded","content":{"application/json":{"schema":{"$ref":"#/components/schemas/AuthLinksPostResponseResource"}}}},"400":{"description":"Returns error that server cannot or will not process the request due to something that is perceived to be a client error","content":{"application/json":{"schema":{"$ref":"#/components/schemas/BadRequestError"}}}},"401":{"description":"Error status response code indicates that the request has not been applied because it lacks valid authentication credentials for the target resource.","content":{"application/json":{"schema":{"$ref":"#/components/schemas/UnauthorizedError"}}}},"403":{"description":"Error that access is forbidden and tied to the application logic, such as insufficient rights to a resource.","content":{"application/json":{"schema":{"$ref":"#/components/schemas/ForbiddenAccessError"}}}},"404":{"description":"Returns error indicating that server can't find requested resource.","content":{"application/json":{"schema":{"$ref":"#/components/schemas/NotFoundError"}}}},"500":{"description":"Returns error response code indicates that the server encountered an unexpected condition that prevented it from fulfilling the request.","content":{"application/json":{"schema":{"$ref":"#/components/schemas/InternalServerError"}}}}},"security":[{"services_token":[]}]},"get":{"tags":["AuthLinks"],"summary":"Retrieve an auth_link","description":"Returns the latest/last auth_link generated for the specified user. Returns an error otherwise.","operationId":"getAuthLink","parameters":[{"name":"userId","in":"path","description":"The identifier of the user.","required":true,"schema":{"type":"string"}}],"responses":{"200":{"description":"Returns details of a connection.","content":{"application/json":{"schema":{"$ref":"#/components/schemas/AuthLinksResponseResource"}}}},"400":{"description":"Returns error that server cannot or will not process the request due to something that is perceived to be a client error","content":{"application/json":{"schema":{"$ref":"#/components/schemas/BadRequestError"}}}},"401":{"description":"Error status response code indicates that the request has not been applied because it lacks valid authentication credentials for the target resource.","content":{"application/json":{"schema":{"$ref":"#/components/schemas/UnauthorizedError"}}}},"403":{"description":"Error that access is forbidden and tied to the application logic, such as insufficient rights to a resource.","content":{"application/json":{"schema":{"$ref":"#/components/schemas/ForbiddenAccessError"}}}},"404":{"description":"Returns error indicating that server can't find requested resource.","content":{"application/json":{"schema":{"$ref":"#/components/schemas/NotFoundError"}}}},"410":{"description":"Returns error indicating that access to the target resource is no longer available at the origin server and that this condition is likely to be permanent.","content":{"application/json":{"schema":{"$ref":"#/components/schemas/GoneError"}}}},"500":{"description":"Returns error response code indicates that the server encountered an unexpected condition that prevented it from fulfilling the request.","content":{"application/json":{"schema":{"$ref":"#/components/schemas/InternalServerError"}}}},"503":{"description":"Returns error response code indicates that the server is not ready to handle the request.","content":{"application/json":{"schema":{"$ref":"#/components/schemas/StatusServiceUnavailableError"}}}}},"security":[{"services_token":[]}]},"delete":{"tags":["AuthLinks"],"summary":"Delete an auth_link","description":"<blockquote>Note that this action cannot be undone.</blockquote>\n\n<blockquote>The auth_link is a URL that directs a User to Basiq's hosted consent workflow to link banks and securely share data. When the user selects 'I have disclosed all my accounts' the auth_link is automatically deleted.</blockquote>\n\nReturns an empty body if the delete succeeded. Otherwise, this call returns an error in the event of a failure.","operationId":"deleteAuthLink","parameters":[{"name":"userId","in":"path","description":"The identifier of the user.","required":true,"schema":{"type":"string"}}],"responses":{"204":{"description":"Returns an empty body if the delete succeeded.","content":{}},"400":{"description":"Returns error that server cannot or will not process the request due to something that is perceived to be a client error","content":{"application/json":{"schema":{"$ref":"#/components/schemas/BadRequestError"}}}},"401":{"description":"Error status response code indicates that the request has not been applied because it lacks valid authentication credentials for the target resource.","content":{"application/json":{"schema":{"$ref":"#/components/schemas/UnauthorizedError"}}}},"404":{"description":"Returns error indicating that server can't find requested resource.","content":{"application/json":{"schema":{"$ref":"#/components/schemas/NotFoundError"}}}},"500":{"description":"Returns error response code indicates that the server encountered an unexpected condition that prevented it from fulfilling the request.","content":{"application/json":{"schema":{"$ref":"#/components/schemas/InternalServerError"}}}},"503":{"description":"Returns error response code indicates that the server is not ready to handle the request.","content":{"application/json":{"schema":{"$ref":"#/components/schemas/StatusServiceUnavailableError"}}}}},"security":[{"services_token":[]}]}},"/events":{"get":{"tags":["Events"],"summary":"List all events","description":"Returns a list of all events that have taken place.","operationId":"getEvents","parameters":[{"name":"filter","in":"query","description":"Retrieves the details of all events associated with a user.\n\n**Note:** This endpoint only returns events that happened in the last 7 days.\n\n**Filtering Options:**\n- `userId`: User ID for the specific user you wish to retrieve events for. e.g., `user.id.eq(userId)`\n- `entity`: Filter events by entity type. e.g., `event.entity.eq(entity)`\n- `type`: Filter events by event type. e.g., `event.type.eq(type)`\n","schema":{"type":"string","example":"user.id.eq(userId) OR event.entity.eq(entity), event.type.eq(type)"}}],"responses":{"200":{"description":"Returns details of events.","content":{"application/json":{"schema":{"$ref":"#/components/schemas/EventsGetResponseResource"}}}},"400":{"description":"Returns error that server cannot or will not process the request due to something that is perceived to be a client error.","content":{"application/json":{"schema":{"$ref":"#/components/schemas/BadRequestError"},"examples":{"Bad Request":{"value":{"type":"list","correlationId":"ac5ah5i","data":[{"type":"error","title":"Parameter not valid.","code":"parameter-not-valid","detail":"ID value is not valid.","source":{"parameter":"id"}}]}},"Invalid Filters":{"value":{"type":"list","correlationId":"ac5ah55","data":[{"type":"error","code":"parameter-not-valid","title":"Parameter value is not valid","detail":"The provided filter parameter is in invalid format or unsupported","source":{"parameter":"filter"}}]}}}}}},"401":{"description":"Error status response code indicates that the request has not been applied because it lacks valid authentication credentials for the target resource.","content":{"application/json":{"schema":{"$ref":"#/components/schemas/UnauthorizedError"}}}},"403":{"description":"Error that access is forbidden and tied to the application logic, such as insufficient rights to a resource.","content":{"application/json":{"schema":{"$ref":"#/components/schemas/ForbiddenAccessError"}}}},"404":{"description":"Returns error indicating that server can't find requested resource.","content":{"application/json":{"schema":{"$ref":"#/components/schemas/NotFoundError"}}}},"500":{"description":"Returns error response code indicates that the server encountered an unexpected condition that prevented it from fulfilling the request.","content":{"application/json":{"schema":{"$ref":"#/components/schemas/InternalServerError"}}}},"503":{"description":"Returns error response code indicates that the server is not ready to handle the request.","content":{"application/json":{"schema":{"$ref":"#/components/schemas/StatusServiceUnavailableError"}}}}},"security":[{"services_token":[]}]}},"/events/{id}":{"get":{"tags":["Events"],"summary":"Retrieve an event","description":"![Beta](https://img.shields.io/badge/Status-Beta-yellow) Returns a single event type based on the parameter input.","operationId":"getTypeById","parameters":[{"name":"id","required":true,"schema":{"type":"string"},"in":"path","example":"a0fa1d01e0c9a1032e29ac74ade5f786e880ae04f4e3788144c6d13b53e5d29b"}],"responses":{"200":{"description":"Returns the ID of an event.","content":{"application/json":{"schema":{"$ref":"#/components/schemas/RetrieveEvent"},"examples":{"Success":{"value":{"type":"event","id":"5a47115a7eed80a3b68761b725b78c75892e94cef06810ecc0e2e7b856738371","createdDate":"2024-04-17T23:57:17Z","entity":"connection","eventType":"updated","userId":"84e33255-f65f-4f05-953b-1b12e1e4d90b","dataRef":"https://au-api.basiq.io/users/84e33255-f65f-4f05-953b-1b12e1e4d90b/connections/8bd4f752-c218-4e41-af28-0c42ae982d35","data":{"createdDate":"2024-04-17T23:57:16Z","id":"8bd4f752-c218-4e41-af28-0c42ae982d35","institution":{"id":"AU00000","links":{"self":"https://au-api.basiq.io/institutions/AU00000"},"type":"institution"},"lastUsed":"2024-04-17T23:57:17Z","links":{"accounts":"https://au-api.basiq.io/users/84e33255-f65f-4f05-953b-1b12e1e4d90b/accounts?filter=institution.id.eq('AU00000')","self":"https://au-api.basiq.io/users/84e33255-f65f-4f05-953b-1b12e1e4d90b/connections/8bd4f752-c218-4e41-af28-0c42ae982d35","transactions":"https://au-api.basiq.io/users/84e33255-f65f-4f05-953b-1b12e1e4d90b/transactions?filter=institution.id.eq('AU00000')"},"mfaEnabled":false,"status":"active","type":"connection"},"links":{"self":"https://au-api.basiq.io/events/5a47115a7eed80a3b68761b725b78c75892e94cef06810ecc0e2e7b856738371"}}}}}}},"400":{"description":"Error status response code indicates that the request has not been applied because it lacks valid authentication credentials for the target resource.","content":{"application/json":{"schema":{"$ref":"#/components/schemas/Error"},"examples":{"Parameter not valid":{"value":{"type":"list","correlationId":"9b27dbd7-d397-428a-9eff-5048d2bed5eb","data":[{"type":"error","code":"path-parameter-not-valid","title":"Parameter value is not valid","detail":"Event Type ID parameter is not valid","source":{"parameter":"eventTypeId"}}]}}}}}},"401":{"description":"Error status response code indicates that the request has not been applied because it lacks valid authentication credentials for the target resource.","content":{"application/json":{"schema":{"$ref":"#/components/schemas/Error"},"examples":{"Unauthorized":{"value":{"type":"list","correlationId":"9b27dbd7-d397-428a-9eff-5048d2bed5eb","data":[{"type":"error","code":"unauthorized-access","title":"Unauthorized Access","detail":"You are not authorized to access this resource"}]}}}}}},"403":{"description":"Error that access is forbidden and tied to the application logic, such as insufficient rights to a resource.","content":{"application/json":{"schema":{"$ref":"#/components/schemas/ForbiddenAccessError"}}}},"404":{"description":"Not Found","content":{"application/json":{"schema":{"$ref":"#/components/schemas/Error"},"examples":{"Error":{"value":{"type":"list","correlationId":"9b27dbd7-d397-428a-9eff-5048d2bed5eb","data":[{"type":"error","code":"resource-not-found","title":"Requested resource is not found","detail":"Requested event type does not exist."}]}}}}}},"429":{"description":"Too many requests","content":{"application/json":{"schema":{"$ref":"#/components/schemas/Error"},"examples":{"Too many requests":{"value":{"type":"list","correlationId":"9b27dbd7-d397-428a-9eff-5048d2bed5eb","data":[{"type":"error","code":"too-many-requests","title":"Too many requests","detail":"Query limit reached."}]}}}}}},"500":{"description":"Returns error response code indicates that the server encountered an unexpected condition that prevented it from fulfilling the request.","content":{"application/json":{"schema":{"$ref":"#/components/schemas/InternalServerError"}}}},"503":{"description":"Returns error response code indicates that the server is not ready to handle the request.","content":{"application/json":{"schema":{"$ref":"#/components/schemas/StatusServiceUnavailableError"}}}}},"security":[{"services_token":[]}]}},"/events/types":{"get":{"tags":["Events"],"summary":"List event types","description":"![Beta](https://img.shields.io/badge/Status-Beta-yellow) Returns a list of event types.","operationId":"listEventTypes","responses":{"200":{"description":"OK","content":{"application/json":{"schema":{"$ref":"#/components/schemas/EventTypes"},"examples":{"Success":{"value":{"type":"list","size":11,"count":11,"data":[{"type":"eventType","id":"connection.created","description":"when a connection is created","links":{"self":"https://au-api.basiq.io/events/types/connection.created"}},{"type":"eventType","id":"connection.deleted","description":"when a connection is deleted","links":{"self":"https://au-api.basiq.io/events/types/connection.deleted"}},{"type":"eventType","id":"consent.created","description":"when a consent is created","links":{"self":"https://au-api.basiq.io/events/types/consent.created"}},{"type":"eventType","id":"consent.expired","description":"when a consent is expired","links":{"self":"https://au-api.basiq.io/events/types/consent.expired"}},{"type":"eventType","id":"consent.reminder","description":"when a consent has been active for 90 days since the last update","links":{"self":"https://au-api.basiq.io/events/types/consent.reminder"}},{"type":"eventType","id":"consent.revoked","description":"when a consent is revoked","links":{"self":"https://au-api.basiq.io/events/types/consent.revoked"}},{"type":"eventType","id":"consent.updated","description":"when a consent is updated","links":{"self":"https://au-api.basiq.io/events/types/consent.updated"}},{"type":"eventType","id":"consent.warning","description":"when a consent is about to expire","links":{"self":"https://au-api.basiq.io/events/types/consent.warning"}},{"type":"eventType","id":"user.created","description":"when an user is created","links":{"self":"https://au-api.basiq.io/events/types/user.created"}},{"type":"eventType","id":"user.deleted","description":"when an user is deleted","links":{"self":"https://au-api.basiq.io/events/types/user.deleted"}},{"type":"eventType","id":"user.updated","description":"when an user is updated","links":{"self":"https://au-api.basiq.io/events/types/user.updated"}}],"links":{"self":"https://au-api.basiq.io/events/types/"}}}}}}},"401":{"description":"Error status response code indicates that the request has not been applied because it lacks valid authentication credentials for the target resource.","content":{"application/json":{"schema":{"$ref":"#/components/schemas/Error"},"examples":{"Unauthorized":{"value":{"type":"list","correlationId":"9b27dbd7-d397-428a-9eff-5048d2bed5eb","data":[{"type":"error","code":"unauthorized-access","title":"Unauthorized Access","detail":"You are not authorized to access this resource"}]}}}}}},"403":{"description":"Error that access is forbidden and tied to the application logic, such as insufficient rights to a resource.","content":{"application/json":{"schema":{"$ref":"#/components/schemas/ForbiddenAccessError"}}}},"429":{"description":"Too many requests","content":{"application/json":{"schema":{"$ref":"#/components/schemas/Error"},"examples":{"Too many requests":{"value":{"type":"list","correlationId":"9b27dbd7-d397-428a-9eff-5048d2bed5eb","data":[{"type":"error","code":"too-many-requests","title":"Too many requests","detail":"Query limit reached."}]}}}}}},"500":{"description":"Returns error response code indicates that the server encountered an unexpected condition that prevented it from fulfilling the request.","content":{"application/json":{"schema":{"$ref":"#/components/schemas/InternalServerError"}}}},"503":{"description":"Returns error response code indicates that the server is not ready to handle the request.","content":{"application/json":{"schema":{"$ref":"#/components/schemas/StatusServiceUnavailableError"}}}}},"security":[{"services_token":[]}]}},"/events/types/{id}":{"get":{"tags":["Events"],"summary":"Retrieve an event type","description":"![Beta](https://img.shields.io/badge/Status-Beta-yellow) Returns a single event type based on the parameter input.","operationId":"getEventTypeById","parameters":[{"name":"id","required":true,"schema":{"type":"string"},"in":"path","example":"user.created"}],"responses":{"200":{"description":"OK","content":{"application/json":{"schema":{"$ref":"#/components/schemas/EventType"},"examples":{"Success":{"value":{"id":"payrequest.successful","description":"when a payrequest is successful","links":{"self":"https://au-api.basiq.io/events/types/user.created"}}}}}}},"400":{"description":"Error status response code indicates that the request has not been applied because it lacks valid authentication credentials for the target resource.","content":{"application/json":{"schema":{"$ref":"#/components/schemas/Error"},"examples":{"Parameter not valid":{"value":{"type":"list","correlationId":"9b27dbd7-d397-428a-9eff-5048d2bed5eb","data":[{"type":"error","code":"path-parameter-not-valid","title":"Parameter value is not valid","detail":"Event Type ID parameter is not valid","source":{"parameter":"eventTypeId"}}]}}}}}},"401":{"description":"Error status response code indicates that the request has not been applied because it lacks valid authentication credentials for the target resource.","content":{"application/json":{"schema":{"$ref":"#/components/schemas/Error"},"examples":{"Unauthorized":{"value":{"type":"list","correlationId":"9b27dbd7-d397-428a-9eff-5048d2bed5eb","data":[{"type":"error","code":"unauthorized-access","title":"Unauthorized Access","detail":"You are not authorized to access this resource"}]}}}}}},"403":{"description":"Error that access is forbidden and tied to the application logic, such as insufficient rights to a resource.","content":{"application/json":{"schema":{"$ref":"#/components/schemas/ForbiddenAccessError"}}}},"404":{"description":"Not Found","content":{"application/json":{"schema":{"$ref":"#/components/schemas/Error"},"examples":{"Error":{"value":{"type":"list","correlationId":"9b27dbd7-d397-428a-9eff-5048d2bed5eb","data":[{"type":"error","code":"resource-not-found","title":"Requested resource is not found","detail":"Requested event type does not exist."}]}}}}}},"429":{"description":"Too many requests","content":{"application/json":{"schema":{"$ref":"#/components/schemas/Error"},"examples":{"Too many requests":{"value":{"type":"list","correlationId":"9b27dbd7-d397-428a-9eff-5048d2bed5eb","data":[{"type":"error","code":"too-many-requests","title":"Too many requests","detail":"Query limit reached."}]}}}}}},"500":{"description":"Returns error response code indicates that the server encountered an unexpected condition that prevented it from fulfilling the request.","content":{"application/json":{"schema":{"$ref":"#/components/schemas/InternalServerError"}}}},"503":{"description":"Returns error response code indicates that the server is not ready to handle the request.","content":{"application/json":{"schema":{"$ref":"#/components/schemas/StatusServiceUnavailableError"}}}}},"security":[{"services_token":[]}]}},"/users/{userId}/jobs":{"get":{"tags":["Jobs"],"summary":"Get user jobs","description":"Retrieves the details of all existing and previous jobs associated with a user.\n\n**Note:** This endpoint only returns jobs that are less than 7 days old.\n","operationId":"getUserJobs","parameters":[{"name":"userId","in":"path","description":"User identifier","required":true,"schema":{"type":"string"}},{"name":"filter","in":"query","description":"Connection identification filter. e.g. connection.id.eq('ab63cd')","schema":{"type":"string"}}],"responses":{"200":{"description":"Returns a list of jobs with details.","content":{"application/json":{"schema":{"$ref":"#/components/schemas/JobsResponseResource"}}}},"400":{"description":"Returns error that server cannot or will not process the request due to something that is perceived to be a client error","content":{"application/json":{"schema":{"$ref":"#/components/schemas/BadRequestError"}}}},"401":{"description":"Error status response code indicates that the request has not been applied because it lacks valid authentication credentials for the target resource.","content":{"application/json":{"schema":{"$ref":"#/components/schemas/UnauthorizedError"}}}},"403":{"description":"Error that access is forbidden and tied to the application logic, such as insufficient rights to a resource.","content":{"application/json":{"schema":{"$ref":"#/components/schemas/ForbiddenAccessError"}}}},"404":{"description":"Returns error indicating that server can't find requested resource.","content":{"application/json":{"schema":{"$ref":"#/components/schemas/NotFoundError"}}}},"500":{"description":"Returns error response code indicates that the server encountered an unexpected condition that prevented it from fulfilling the request.","content":{"application/json":{"schema":{"$ref":"#/components/schemas/InternalServerError"}}}}},"security":[{"services_token":[]}]}},"/jobs/{jobId}":{"get":{"tags":["Jobs"],"summary":"Retrieve a job","description":"Retrieves the details of an existing job. You need only supply the unique job identifier that was returned upon job creation.","operationId":"getJobs","parameters":[{"name":"jobId","in":"path","description":"The identifier of the job to be retrieved.","required":true,"schema":{"type":"string"}}],"responses":{"200":{"description":"Returns a job details if a valid job ID was provided.","content":{"application/json":{"schema":{"oneOf":[{"$ref":"#/components/schemas/job"},{"$ref":"#/components/schemas/StatementJobs"}]},"examples":{"Data - in progress":{"value":{"type":"job","id":"e9132638","created":"2020-06-10T09:59:00Z","updated":"2020-06-10T09:59:00Z","steps":[{"title":"verify-credentials","status":"success","result":{"type":"link","url":"/users/ea3a81/connections/8fce3b"}},{"title":"retrieve-accounts","status":"in-progress","result":null},{"title":"retrieve-transactions","status":"pending","result":null}],"links":{"self":"https://au-api.basiq.io/jobs/61723","source":"https://au-api.basiq.io/users/ea3a81/connections/8fce3b"}}},"statement-success":{"value":{"type":"job","id":"a2a17e84-460c-43f4-9c94-1398a5b4c148","createdDate":"2024-03-21T23:51:37Z","updatedDate":"2024-03-21T23:51:48Z","jobType":"report","sourceId":"a2a17e84-460c-43f4-9c94-1398a5b4c148","steps":[{"title":"create-report","status":"success","result":{"type":"report","url":"/reports/a2a17e84-460c-43f4-9c94-1398a5b4c148"}}],"links":{"self":"https://au-api.basiq.io/jobs/a2a17e84-460c-43f4-9c94-1398a5b4c148","source":"https://au-api.basiq.io/reports/a2a17e84-460c-43f4-9c94-1398a5b4c148"}}},"Mygov - in progress":{"value":{"type":"job","id":"ff6fc9d4-13da-45e4-8c6b-acdeadc40a1c","created":"2023-04-11T00:41:34Z","updated":"2023-04-11T00:41:37Z","jobType":"connection","steps":[{"title":"verify-credentials","status":"success","result":{"type":"link","url":"/users/ca23bab2-ef8e-44cc-bf75-4d6c9dbcbb87/connections/b525059f-51fd-434d-8ee5-77fb35837f65"}},{"title":"retrieve-accounts","status":"success","result":{"type":"link","url":"/users/ca23bab2-ef8e-44cc-bf75-4d6c9dbcbb87/accounts?filter=institution.id.eq('AU00004')"}},{"title":"retrieve-transactions","status":"success","result":{"type":"link","url":"/users/ca23bab2-ef8e-44cc-bf75-4d6c9dbcbb87/transactions?filter=institution.id.eq('AU00004')"}},{"title":"retrieve-statements","status":"in-progress","result":null}]}},"Mygov - Completed":{"value":{"type":"job","id":"ff6fc9d4-13da-45e4-8c6b-acdeadc40a1c","created":"2023-04-11T00:41:34Z","updated":"2023-04-11T00:41:37Z","jobType":"connection","steps":[{"title":"verify-credentials","status":"success","result":{"type":"link","url":"/users/ca23bab2-ef8e-44cc-bf75-4d6c9dbcbb87/connections/b525059f-51fd-434d-8ee5-77fb35837f65"}},{"title":"retrieve-accounts","status":"success","result":{"type":"link","url":"/users/ca23bab2-ef8e-44cc-bf75-4d6c9dbcbb87/accounts?filter=institution.id.eq('AU00004')"}},{"title":"retrieve-transactions","status":"success","result":{"type":"link","url":"/users/ca23bab2-ef8e-44cc-bf75-4d6c9dbcbb87/transactions?filter=institution.id.eq('AU00004')"}},{"title":"retrieve-statements","status":"success","result":{"type":"link","url":"/users/ca23bab2-ef8e-44cc-bf75-4d6c9dbcbb87/statements"}}]}},"payrequest - in progress":{"value":{"type":"job","id":"b1824ad0-73f1-0138-3700-0a58a9feac09","partnerId":"e73ffa09-742f-4be3-9aae-0ad077f041a1","applicationId":"3e2863df-43d1-405d-b104-701bcb34e184","created":"2016-06-08T09:10:32.000Z","updated":"2016-06-08T09:14:28.000Z","status":"in-progress","jobType":"payrequest","steps":[{"title":"validate-payment","status":"success","result":{"type":"link","url":"/payments/payrequests/b1824ad0-73f1-0138-3700-0a58a9feac09"}},{"title":"external-processing","status":"in-progress","result":null}],"links":{"self":"/jobs/b1824ad0-73f1-0138-3700-0a58a9feac09","source":"/payments/payrequests/b1824ad0-73f1-0138-3700-0a58a9feac09"}}},"payout - failed":{"value":{"type":"job","id":"b1824ad0-73f1-0138-3700-0a58a9feac09","partnerId":"e73ffa09-742f-4be3-9aae-0ad077f041a1","applicationId":"3e2863df-43d1-405d-b104-701bcb34e184","created":"2016-06-08T09:10:32.000Z","updated":"2016-06-08T09:14:28.000Z","status":"failed","jobType":"payout","steps":[{"title":"validate-payment","status":"failed","result":{"type":"error","code":"missing-payee-account-details.","title":"Missing Payee account details.","detail":"Please specify payee account details."}}],"links":{"self":"/jobs/b1824ad0-73f1-0138-3700-0a58a9feac09","source":"/payments/payouts/b1824ad0-73f1-0138-3700-0a58a9feac09"}}},"payout - completed":{"value":{"type":"job","id":"b1824ad0-73f1-0138-3700-0a58a9feac09","partnerId":"e73ffa09-742f-4be3-9aae-0ad077f041a1","applicationId":"3e2863df-43d1-405d-b104-701bcb34e184","created":"2016-06-08T09:10:32.000Z","updated":"2016-06-08T09:14:28.000Z","status":"success","jobType":"payout","steps":[{"title":"validate-payment","status":"success","result":{"type":"link","url":"/payments/payouts/b1824ad0-73f1-0138-3700-0a58a9feac09"}},{"title":"external-processing","status":"success","result":{"type":"link","url":"/payments/payouts/b1824ad0-73f1-0138-3700-0a58a9feac09"}},{"title":"payment-completed","status":"success","result":{"type":"link","url":"/payments/payouts/b1824ad0-73f1-0138-3700-0a58a9feac09"}}],"links":{"self":"/jobs/b1824ad0-73f1-0138-3700-0a58a9feac09","source":"/payments/payouts/b1824ad0-73f1-0138-3700-0a58a9feac09"}}},"report - in progress":{"value":{"type":"job","id":"b1824ad0-73f1-0138-3700-0a58a9feac09","partnerId":"e73ffa09-742f-4be3-9aae-0ad077f041a1","applicationId":"3e2863df-43d1-405d-b104-701bcb34e184","created":"2016-06-08T09:10:32.000Z","updated":"2016-06-08T09:14:28.000Z","status":"in-progress","jobType":"report","steps":[{"title":"create-report","status":"in-progress","result":null}],"links":{"self":"/jobs/b1824ad0-73f1-0138-3700-0a58a9feac09","source":"/reports/b1824ad0-73f1-0138-3700-0a58a9feac09"}}},"report - success":{"value":{"type":"job","id":"b1824ad0-73f1-0138-3700-0a58a9feac09","partnerId":"e73ffa09-742f-4be3-9aae-0ad077f041a1","applicationId":"3e2863df-43d1-405d-b104-701bcb34e184","created":"2016-06-08T09:10:32.000Z","updated":"2016-06-08T09:14:28.000Z","status":"success","jobType":"report","steps":[{"title":"create-report","status":"success","result":{"type":"link","url":"/reports/b1824ad0-73f1-0138-3700-0a58a9feac09"}}],"links":{"self":"/jobs/b1824ad0-73f1-0138-3700-0a58a9feac09","source":"/reports/b1824ad0-73f1-0138-3700-0a58a9feac09"}}}}}}},"400":{"description":"Returns error that server cannot or will not process the request due to something that is perceived to be a client error","content":{"application/json":{"schema":{"$ref":"#/components/schemas/BadRequestError"}}}},"401":{"description":"Error status response code indicates that the request has not been applied because it lacks valid authentication credentials for the target resource.","content":{"application/json":{"schema":{"$ref":"#/components/schemas/UnauthorizedError"}}}},"403":{"description":"Error that access is forbidden and tied to the application logic, such as insufficient rights to a resource.","content":{"application/json":{"schema":{"$ref":"#/components/schemas/ForbiddenAccessError"}}}},"404":{"description":"Returns error indicating that server can't find requested resource.","content":{"application/json":{"schema":{"$ref":"#/components/schemas/NotFoundError"}}}},"500":{"description":"Returns error response code indicates that the server encountered an unexpected condition that prevented it from fulfilling the request.","content":{"application/json":{"schema":{"$ref":"#/components/schemas/InternalServerError"}}}}},"security":[{"services_token":[]}]}},"/jobs/{jobId}/mfa":{"post":{"tags":["Jobs"],"summary":"Create MFA response","description":"Ensure that you generate an authentication token with\nscope = CLIENT_ACCESS and basiq-version = 3.0 to create this resource","operationId":"postJobMfa","parameters":[{"name":"jobId","in":"path","description":"The identifier of the job.","required":true,"schema":{"type":"string"}}],"requestBody":{"content":{"application/json":{"schema":{"$ref":"#/components/schemas/JobPostRequest"}}},"required":true},"responses":{"202":{"description":"Returns a job if MFA response was correct. Returns an error otherwise.","content":{"application/json":{"schema":{"$ref":"#/components/schemas/ConnectionResponseResource"}}}},"400":{"description":"Returns error that server cannot or will not process the request due to something that is perceived to be a client error","content":{"application/json":{"schema":{"$ref":"#/components/schemas/BadRequestError"}}}},"401":{"description":"Error status response code indicates that the request has not been applied because it lacks valid authentication credentials for the target resource.","content":{"application/json":{"schema":{"$ref":"#/components/schemas/UnauthorizedError"}}}},"403":{"description":"Error that access is forbidden and tied to the application logic, such as insufficient rights to a resource.","content":{"application/json":{"schema":{"$ref":"#/components/schemas/ForbiddenAccessError"}}}},"404":{"description":"Returns error indicating that server can't find requested resource.","content":{"application/json":{"schema":{"$ref":"#/components/schemas/NotFoundError"}}}},"500":{"description":"Returns error response code indicates that the server encountered an unexpected condition that prevented it from fulfilling the request.","content":{"application/json":{"schema":{"$ref":"#/components/schemas/InternalServerError"}}}}},"security":[{"services_token":[]}]}}},"components":{"schemas":{"job":{"type":"object","properties":{"type":{"type":"string"},"id":{"type":"string"},"partnerId":{"type":"string"},"status":{"type":"string"},"jobType":{"type":"string"},"applicationId":{"type":"string"},"created":{"description":"date and time in ISO format of when the job request was created","type":"string","format":"date-time"},"updated":{"description":"date and time in ISO format of when the job request was updated","type":"string","format":"date-time"},"steps":{"type":"array","items":{"type":"object","properties":{"title":{"type":"string"},"status":{"type":"string"},"result":{"type":"object","nullable":true,"properties":{"type":{"type":"string"},"url":{"type":"string"},"code":{"type":"string"},"title":{"type":"string"},"detail":{"type":"string"}}}}}},"links":{"type":"object","properties":{"link":{"type":"string"},"self":{"type":"string"},"source":{"type":"string"}}}}},"StatementJobs":{"type":"object","properties":{"type":{"type":"string"},"id":{"type":"string"},"createdDate":{"description":"date and time in ISO format of when the job request was created","type":"string","format":"date-time"},"updatedDate":{"description":"date and time in ISO format of when the job request was updated","type":"string","format":"date-time"},"jobType":{"type":"string"},"sourceId":{"type":"string"},"steps":{"type":"array","items":{"type":"object","properties":{"title":{"type":"string"},"status":{"type":"string"},"result":{"type":"object","nullable":true,"properties":{"type":{"type":"string"},"url":{"type":"string"}}}}}},"links":{"type":"object","properties":{"link":{"type":"string"},"self":{"type":"string"},"source":{"type":"string"}}}}},"EventTypes":{"properties":{"type":{"type":"string"},"count":{"type":"integer"},"size":{"type":"integer"},"data":{"type":"array","description":"one or more events that the webhook would send messages for.","items":{"$ref":"#/components/schemas/EventType"}},"links":{"type":"object","properties":{"self":{"type":"string"},"next":{"type":"string"}}}}},"Error":{"properties":{"type":{"type":"string"},"correlationId":{"type":"string"},"data":{"type":"array","items":{"type":"object","properties":{"type":{"type":"string"},"code":{"type":"string"},"title":{"type":"string"},"detail":{"type":"string"},"source":{"type":"object","properties":{"parameter":{"type":"string"}}}}}}}},"EventType":{"type":"object","properties":{"type":{"type":"string"},"id":{"type":"string","description":"Identifer of the event type","example":"user.created"},"description":{"type":"string","description":"a brief description of the event type","example":"when a user is created"},"links":{"type":"object","properties":{"self":{"type":"string"}}}}},"RetrieveEvent":{"type":"object","properties":{"type":{"type":"string"},"id":{"type":"string"},"createdDate":{"type":"string"},"entity":{"type":"string"},"eventType":{"type":"string"},"userId":{"type":"string"},"dataRef":{"type":"string"},"data":{"type":"object","properties":{"createdDate":{"type":"string"},"id":{"type":"string"},"institution":{"type":"object","properties":{"id":{"type":"string"},"links":{"type":"object","properties":{"self":{"type":"string"}}},"type":{"type":"string"}}},"lastUsed":{"type":"string"},"links":{"type":"object","properties":{"accounts":{"type":"string"},"self":{"type":"string"},"transactions":{"type":"string"}}},"mfaEnabled":{"type":"boolean"},"status":{"type":"string"},"type":{"type":"string"}}},"links":{"type":"object","properties":{"self":{"type":"string"}}}}},"AuthLinksResponseResource":{"required":["expiresAt","id","mobile","type","userId"],"type":"object","properties":{"expiresAt":{"type":"string","description":"The date time of auth link expiry.","example":"2019-11-21T04:08:50Z"},"id":{"type":"string","description":"Uniquely identifies the auth link.","example":"63448be4"},"links":{"$ref":"#/components/schemas/AuthLinkLinks"},"mobile":{"type":"string","description":"A user's mobile phone, used as for authentication.","example":61410000000},"type":{"type":"string","description":"Type of the response, always \"auth_link\".","example":"auth_link"},"userId":{"type":"string","description":"A string that uniquely identifies the user.","example":"ec4ea48d"}}},"GoneError":{"required":["correlationId","data","type"],"type":"object","properties":{"correlationId":{"type":"string","description":"Unique identifier for this particular occurrence of the problem.","example":"ac5ah5i"},"data":{"type":"array","description":"Error data.","items":{"required":["code","type"],"type":"object","properties":{"code":{"type":"string","description":"Application-specific error code, expressed as a string value.","example":"resource-no-longer-available","enum":["resource-no-longer-available"]},"detail":{"type":"string","description":"Human-readable explanation specific to this occurrence of the problem."},"title":{"type":"string","description":"Title of the error"},"type":{"type":"string","description":"Type of the response, always \"error\"","example":"error"}}}},"type":{"type":"string","description":"Always \"list\".","example":"list"}}},"BadRequestError":{"required":["correlationId","data","type"],"type":"object","properties":{"type":{"type":"string","description":"Always \"list\".","example":"list"},"correlationId":{"type":"string","description":"Unique identifier for this particular occurrence of the problem.","example":"ac5ah5i"},"data":{"type":"array","description":"Error data.","items":{"required":["code","type"],"type":"object","properties":{"type":{"type":"string","description":"Type of the response, always \"error\"","example":"error"},"title":{"type":"string","description":"Title of the error","example":"Parameter not valid."},"code":{"type":"string","description":"Application-specific error code, expressed as a string value.","example":"parameter-not-valid","enum":["parameter-not-supplied","parameter-not-valid","unsupported-accept","invalid-content","institution-not-supported","invalid-credentials"]},"detail":{"type":"string","description":"Human-readable explanation specific to this occurrence of the problem.","example":"ID value is not valid."},"source":{"$ref":"#/components/schemas/Source"}}}}}},"AuthLinkLinks":{"required":["public","self"],"type":"object","properties":{"public":{"type":"string","description":"Public URL of auth link.","example":"https://connect.basiq.io/63448be4"},"self":{"type":"string","description":"URL of the resource","example":"/users/ec4ea48d/auth_link"}}},"AuthLinksPostResponseResource":{"required":["expiresAt","mobile","type","userId"],"type":"object","properties":{"expiresAt":{"type":"string","description":"The date time of auth link expiry.","example":"2019-11-21T04:08:50Z"},"links":{"$ref":"#/components/schemas/AuthLinkLinks"},"mobile":{"type":"string","description":"A user's mobile phone, used as for authentication.","example":61410000000},"type":{"type":"string","description":"Type of the response, always \"auth_link\".","example":"auth_link"},"userId":{"type":"string","description":"A string that uniquely identifies the user.","example":"ec4ea48d"}}},"ConnectionResponseResource":{"title":"ConnectionResponseResource","required":["id","links","type"],"type":"object","properties":{"type":{"type":"string","description":"Type, always \"job\".","example":"job"},"id":{"type":"string","description":"Job identification.","example":"29523951"},"links":{"$ref":"#/components/schemas/ResourceLink"}},"description":"Object containing details for connection post."},"EventsData":{"required":["createdDate","id","links","type","entity","userId","dataRef","data","eventType"],"type":"object","properties":{"type":{"type":"string","description":"Type, always \"event\".","example":"event"},"id":{"type":"string","description":"Event identification.","example":"61723"},"createdDate":{"type":"string","description":"Date the event was created.","example":"2019-07-29T07:34:09Z"},"entity":{"type":"string","description":"The entity associated with the event that has occurred","example":"consent","enum":["consent","connection"]},"eventType":{"type":"string","description":"The type of event that has occurred","example":"revoked","enum":["revoked","expired","updated","created","archived","deleted"]},"userId":{"type":"string","description":"The identifier of the user the event belongs to.","example":"266f5849-6ef6-4aae-accf-386470d0598e"},"dataRef":{"type":"string","description":"URL to the data source the event occurred.","example":"https://au-api.basiq.io/users/266f5849-6ef6-4aae-accf-386470d0598e"},"data":{"type":"string","description":"The data associated with the event that has been created.","example":[{"email":"max@hooli.com","id":"266f5849-6ef6-4aae-accf-386470d0598e","links":{"self":"https://au-api.basiq.io/users/266f5849-6ef6-4aae-accf-386470d0598e"},"mobile":"+614xxxxxxxx","type":"user"}]},"links":{"example":[{"self":"https://au-api.basiq.io/events/545ae104289e71bd3da34a063aaf49a5fa17ab6b8e0cab4bc56e019b7cc409e0"}]}}},"EventsGetResponseResource":{"title":"EventsGetResponseResource","required":["type"],"type":"object","properties":{"type":{"type":"string","description":"Type, always \"list\".","example":"list"},"data":{"type":"array","items":{"$ref":"#/components/schemas/EventsData"}},"links":{"$ref":"#/components/schemas/ResourceLink"}},"description":"Object containing details for connections."},"ForbiddenAccessError":{"required":["correlationId","data","type"],"type":"object","properties":{"type":{"type":"string","description":"Always \"list\".","example":"list"},"correlationId":{"type":"string","description":"Unique identifier for this particular occurrence of the problem.","example":"ac5ah5i"},"data":{"type":"array","description":"Error data.","items":{"required":["code","source","type"],"type":"object","properties":{"type":{"type":"string","description":"Type of the response, always \"error\"","example":"error"},"title":{"type":"string","description":"Title of the error","example":"Forbidden Access"},"code":{"type":"string","description":"Application-specific error code, expressed as a string value.","example":"forbidden-access","enum":["forbidden-access","no-production-access","access-denied"]},"detail":{"type":"string","description":"Human-readable explanation specific to this occurrence of the problem.","example":"Access to this resource is forbidden."},"source":{"$ref":"#/components/schemas/Source"}}}}}},"GetUserAccount":{"title":"UserGetAccount","required":["count","data","type"],"type":"object","properties":{"type":{"type":"string","description":"Always \"list\".","example":"list"},"count":{"type":"integer","description":"Count of accounts.","format":"int64","example":7},"data":{"type":"array","description":"Accounts data.","items":{"$ref":"#/components/schemas/GetUserAccountData"}}},"description":"Container object containing account data."},"GetUserAccountData":{"title":"UserGetAccountData","required":["id","links","type"],"type":"object","properties":{"type":{"type":"string","description":"Always \"account\".","example":"account"},"id":{"type":"string","description":"Account identification.","example":"aaaf2c3b"},"links":{"$ref":"#/components/schemas/ResourceLink"}},"description":"Object containing account data."},"GetUserConnection":{"title":"UserGetConnection","required":["count","data","type"],"type":"object","properties":{"type":{"type":"string","description":"Always \"list\".","example":"list"},"count":{"type":"integer","description":"Count of accounts.","format":"int64","example":5},"data":{"type":"array","description":"Connections data.","items":{"$ref":"#/components/schemas/GetUserConnectionData"}}},"description":"Container object containing connection data."},"GetUserConnectionData":{"title":"GetUserConnectionData","required":["id","links","type"],"type":"object","properties":{"type":{"type":"string","description":"Always \"connection\".","example":"connection"},"id":{"type":"string","description":"Connection identification.","example":"aaaf2c3b"},"links":{"$ref":"#/components/schemas/ResourceLink"}},"description":"Object containing connection data."},"GetUserLinks":{"title":"GetUserLinks","required":["accounts","auth_link","connections","self","transactions"],"type":"object","properties":{"accounts":{"type":"string","description":"Accounts reference url.","example":"https://au-api.basiq.io/users/a3dgf4567a89/accounts"},"connections":{"type":"string","description":"Connections reference url.","example":"https://au-api.basiq.io/users/a3dgf4567a89/connections"},"self":{"type":"string","description":"User self reference url.","example":"https://au-api.basiq.io/user/a3dgf4567a89"},"transactions":{"type":"string","description":"Transactions reference url.","example":"https://au-api.basiq.io/users/a3dgf4567a89/transactions"}},"description":"Object containing links to resources."},"InternalServerError":{"required":["correlationId","data","type"],"type":"object","properties":{"type":{"type":"string","description":"Always \"list\".","example":"list"},"correlationId":{"type":"string","description":"Unique identifier for this particular occurrence of the problem.","example":"ac5ah5i"},"data":{"type":"array","description":"Error data.","items":{"required":["code","type"],"type":"object","properties":{"code":{"type":"string","description":"Application-specific error code, expressed as a string value.","example":"internal-server-error","enum":["internal-server-error"]},"detail":{"type":"string","description":"Human-readable explanation specific to this occurrence of the problem.","example":"Internal Server error. Contact support."},"title":{"type":"string","description":"Title of the error","example":"Internal Server error."},"type":{"type":"string","description":"Type of the response, always \"error\"","example":"error"}}}}}},"JobsData":{"title":"JobsData","required":["created","id","institution","steps","updated"],"type":"object","properties":{"type":{"type":"string","description":"Value is \"job\".","example":"job"},"id":{"type":"string","description":"A string that uniquely identifies the job.","example":"e9132638"},"created":{"type":"string","description":"The date time when the job was created.","example":"2020-06-10T09:59:00Z"},"updated":{"type":"string","description":"The date time when the job was last updated.","example":"2020-06-10T09:59:00Z"},"institution":{"$ref":"#/components/schemas/JobsInstitution"},"steps":{"type":"array","description":"List of steps that need to be completed.","items":{"$ref":"#/components/schemas/JobsStep"}},"links":{"$ref":"#/components/schemas/JobsLinks"}},"description":"Container object, containing job details."},"JobPostRequest":{"required":["mfa-response"],"type":"object","properties":{"mfa-response":{"type":"array","description":"One time password or answer to a security question/s e.g. [\"1234\"]","example":["1234"],"items":{"type":"string"}}}},"JobsInstitution":{"title":"Institution","required":["id","links","type"],"type":"object","properties":{"id":{"type":"string","description":"A string that uniquely identifies institution.","example":"AU00000"},"links":{"$ref":"#/components/schemas/JobsLinks"},"type":{"type":"string","description":"Always \"institution\".","example":"institution"}},"description":"Institution details."},"JobsLinks":{"title":"JobsLinks","required":["self"],"type":"object","properties":{"self":{"type":"string","description":"URL of the resource","example":"https://au-api.basiq.io/jobs/61723"},"source":{"type":"string","description":"Resource that initiated creation of this Job. For example, for operations on Connection, this is a Connection URL. This is only returned for Connection jobs and not for Statement jobs.","example":"https://au-api.basiq.io/users/ea3a81/connections/8fce3b"}},"description":"Links to the resources."},"JobsResponseResource":{"required":["data","links","size","type"],"type":"object","properties":{"type":{"type":"string","description":"Type of the response, always \"list\".","example":"list"},"data":{"type":"array","description":"Container object, containing job details.","items":{"$ref":"#/components/schemas/JobsData"}},"size":{"type":"integer","description":"Size of the all the jobs.","format":"int64","example":100},"links":{"$ref":"#/components/schemas/ResourceLink"}}},"JobsResult":{"title":"JobsResult","type":"object","properties":{"code":{"type":"string","description":"In case of failed job, displays error code.","enum":["success","user-action-required","system-unavailable","maintenance","connector-error","institution-not-found","institution-not-available","institution-disabled","missing-required-field","missing-required-field-value","invalid-field-value","invalid-csv-row","row-count-exceeded","account-data-differs","empty-file","bank-statement-invalid","bank-statement-new-product","bank-statement-parsing-error","bank-statement-not-supported","txn-after-last-updated-date","invalid-connection","unknown-error","job-timed-out"]},"details":{"type":"string","description":"In case of failed job, displays details of the error."},"title":{"type":"string","description":"In case of failed job, displays error title."},"type":{"type":"string","description":"In case of success, Always \"link\".","example":"link"},"url":{"type":"string","description":"In case of success, URL of the updated (or created) resources."}},"description":"Result object containing a list of URLs or null. Otherwise if a step failed contains an error response."},"JobsStep":{"title":"JobsStep","required":["result","status"],"type":"object","properties":{"title":{"type":"string","description":"Name of the step the job needs to complete.","example":"retrieve-accounts","enum":["verify-credentials","retrieve-accounts","retrieve-transactions","retrieve-statements"]},"status":{"type":"string","description":"Status of the job step","example":"success","enum":["pending","in-progress","success","failed"]},"result":{"$ref":"#/components/schemas/JobsResult"}},"description":"List of steps that need to be completed."},"NotFoundError":{"required":["correlationId","data","type"],"type":"object","properties":{"type":{"type":"string","description":"Always \"list\".","example":"list"},"correlationId":{"type":"string","description":"Unique identifier for this particular occurrence of the problem.","example":"ac5ah5i"},"data":{"type":"array","description":"Error data.","items":{"required":["code","type"],"type":"object","properties":{"code":{"type":"string","description":"Application-specific error code, expressed as a string value.","example":"resource-not-found","enum":["resource-not-found"]},"detail":{"type":"string","description":"Human-readable explanation specific to this occurrence of the problem.","example":"Resource not found."},"title":{"type":"string","description":"Title of the error","example":"Requested resource is not found."},"type":{"type":"string","description":"Type of the response, always \"error\"","example":"error"}}}}}},"ResourceLink":{"title":"ResourceLink","required":["self"],"type":"object","properties":{"self":{"type":"string","description":"URL of the resource.","example":"https://au-api.basiq.io/link/a3dgf4567a89"}},"description":"Link object containing a link to the resource, self reference."},"Source":{"title":"Source","type":"object","properties":{"parameter":{"type":"string","description":"String indicating which URI query parameter caused the error.","example":"id"}},"description":"An object containing references to the source of the error."},"StatusServiceUnavailableError":{"required":["correlationId","data","type"],"type":"object","properties":{"type":{"type":"string","description":"Always \"list\".","example":"list"},"correlationId":{"type":"string","description":"Unique identifier for this particular occurrence of the problem.","example":"ac5ah5i"},"data":{"type":"array","description":"Error data.","items":{"required":["code","type"],"type":"object","properties":{"code":{"type":"object","description":"Application-specific error code, expressed as a string value.","example":"service-unavailable"},"detail":{"type":"string","description":"Human-readable explanation specific to this occurrence of the problem.","example":"Service Unavailable. Try again later."},"title":{"type":"string","description":"Title of the error","example":"Service Unavailable"},"type":{"type":"string","description":"Type of the response, always \"error\"","example":"error"}}}}}},"UnauthorizedError":{"required":["correlationId","data","type"],"type":"object","properties":{"correlationId":{"type":"string","description":"Unique identifier for this particular occurrence of the problem.","example":"ac5ah5i"},"data":{"type":"array","description":"Error data.","items":{"required":["code","type"],"type":"object","properties":{"code":{"type":"string","description":"Application-specific error code, expressed as a string value.","example":"unauthorized-access","enum":["unauthorized-access","invalid-authorization-token"]},"detail":{"type":"string","description":"Human-readable explanation specific to this occurrence of the problem.","example":"You are not authorized to access this resource"},"title":{"type":"string","description":"Title of the error","example":"Unauthorized Access"},"type":{"type":"string","description":"Type of the response, always \"error\"","example":"error"}}}},"type":{"type":"string","description":"Always \"list\".","example":"list"}}},"UserGetResponse":{"title":"UserGetResponse","required":["accounts","connections","email","id","links","mobile","name","firstName","middleName","lastName","type"],"type":"object","properties":{"type":{"type":"string","description":"Always \"user\".","example":"user"},"id":{"type":"string","description":"User identification.","example":"ea3a81"},"email":{"type":"string","description":"User email or empty.","format":"email","example":"gavin@hooli.com"},"mobile":{"type":"string","description":"User mobile number, or empty.","example":61410888666},"name":{"type":"string","description":"Name, or empty.","example":""},"firstName":{"type":"string","description":"firstName, or empty","example":"Gavin"},"middleName":{"type":"string","description":"middleName, or empty","example":"middleName"},"lastName":{"type":"string","description":"lastName, or empty","example":"lastName"},"businessName":{"type":"string","description":"The official name of the business.","example":"Manly Accounting PTY LTD"},"businessIdNo":{"type":"string","description":"This number is used to identify a business when they’re dealing with the government, other businesses, and the public.","example":"16 7645 892"},"businessIdNoType":{"type":"string","description":"Type of business ID could be ABN Or ACN.","enum":["ABN","ACN"],"example":"ABN"},"businessAddress":{"type":"object","properties":{"addressLine1":{"type":"string","example":"21 Sydney Rd","description":"The first line of the business address."},"addressLine2":{"type":"string","example":"","description":"Additional information about the business address (optional)."},"suburb":{"type":"string","example":"Manly","description":"The suburb or locality where the business is located."},"state":{"type":"string","example":"NSW","description":"The state or territory where the business is located."},"postcode":{"type":"string","example":"2095","description":"The postal code of the business location."},"countryCode":{"type":"string","example":"AUS","description":"The country code of the business location."}}},"verificationStatus":{"type":"boolean","description":"Indicates if the business information provided is verified against the Australian Business Register."},"verificationDate":{"type":"string","example":"12/01/2024","description":"when the verification was done."},"connections":{"$ref":"#/components/schemas/GetUserConnection"},"accounts":{"$ref":"#/components/schemas/GetUserAccount"},"links":{"$ref":"#/components/schemas/GetUserLinks"}},"description":"User object with details if the creation succeeded."},"UserPostResponse":{"title":"UserPostResponse","required":["id","links","mobile","type"],"type":"object","properties":{"type":{"type":"string","description":"Type of the response, always \"user\".","example":"user"},"id":{"type":"string","description":"A string that uniquely identifies the user.","example":"e1956419"},"email":{"type":"string","description":"The end-users email address.","format":"email","example":"gavin@hooli.com"},"mobile":{"type":"string","description":"The end-users mobile number.","example":61410888999},"firstName":{"type":"string","description":"The end-users first name as an optional additional parameter.","example":"Gavin"},"middleName":{"type":"string","description":"The end-users middle name as an optional additional parameter.","example":"middle name"},"lastName":{"type":"string","description":"The end-users last name as an optional additional parameter.","example":"Belson"},"businessName":{"type":"string","description":"The official name of the business.","example":"Manly Accounting PTY LTD"},"businessIdNo":{"type":"string","description":"This number is used to identify a business when they’re dealing with the government, other businesses, and the public.","example":"16 7645 892"},"businessIdNoType":{"type":"string","description":"Type of business ID could be ABN Or ACN.","enum":["ABN","ACN"],"example":"ABN"},"businessAddress":{"type":"object","properties":{"addressLine1":{"type":"string","example":"21 Sydney Rd","description":"The first line of the business address."},"addressLine2":{"type":"string","example":"","description":"Additional information about the business address (optional)."},"suburb":{"type":"string","example":"Manly","description":"The suburb or locality where the business is located."},"state":{"type":"string","example":"NSW","description":"The state or territory where the business is located."},"postcode":{"type":"string","example":"2095","description":"The postal code of the business location."},"countryCode":{"type":"string","example":"AUS","description":"The country code of the business location."}}},"verificationStatus":{"type":"boolean","description":"Indicates if the business information provided is verified against the Australian Business Register."},"verificationDate":{"type":"string","example":"12/01/2024","description":"when the verification was done."},"links":{"$ref":"#/components/schemas/ResourceLink"}},"description":"User object with details if the creation succeeded."},"createUser":{"type":"object","properties":{"email":{"type":"string","description":"The end-users email address. Mandatory if mobile is not supplied.","example":"gavin@hooli.com"},"mobile":{"type":"string","description":"The end-users mobile number, supplied in international format. +[country-code][mobileno]. Mandatory if email is not supplied.","example":"+61410888999"},"firstName":{"type":"string","description":"The end-users first name as an optional additional parameter.","example":"Gavin"},"middleName":{"type":"string","description":"The end-users middle name as an optional additional parameter.","example":"middle name"},"lastName":{"type":"string","description":"The end-users last name as an optional additional parameter.","example":"Belson"},"businessName":{"type":"string","description":"The official name of the business.","example":"Manly Accounting PTY LTD"},"businessIdNo":{"type":"string","description":"This number is used to identify a business when they’re dealing with the government, other businesses, and the public.","example":"16 7645 892"},"businessIdNoType":{"type":"string","description":"Type of business ID could be ABN Or ACN.","enum":["ABN","ACN"],"example":"ABN"},"businessAddress":{"type":"object","properties":{"addressLine1":{"type":"string","example":"21 Sydney Rd","description":"The first line of the business address."},"addressLine2":{"type":"string","example":"","description":"Additional information about the business address (optional)."},"suburb":{"type":"string","example":"Manly","description":"The suburb or locality where the business is located."},"state":{"type":"string","example":"NSW","description":"The state or territory where the business is located."},"postcode":{"type":"string","example":"2095","description":"The postal code of the business location."},"countryCode":{"type":"string","example":"AUS","description":"The country code of the business location."}}},"verificationStatus":{"type":"boolean","description":"Indicates if the business information provided is verified against the Australian Business Register."},"verificationDate":{"type":"string","example":"12/01/2024","description":"when the verification was done."}}},"updateUser":{"type":"object","properties":{"email":{"type":"string","description":"The end-users email address.","example":"gavin@hooli.com"},"mobile":{"type":"string","description":"The end-users mobile number.","example":"+61410888666"},"firstName":{"type":"string","description":"The end-users first name as an optional additional parameter.","example":"Malcolm"},"middleName":{"type":"string","description":"The end-users middle name as an optional additional parameter.","example":"Malcom middle name"},"lastName":{"type":"string","description":"The end-users last name as an optional additional parameter.","example":"Malcolm last name"}}},"TokenPostResponse":{"required":["access_token","expires_in","token_type"],"type":"object","properties":{"access_token":{"type":"string","description":"The generated access token.","example":"eyJhbGciOiJIUzI1NiIsInR5cCI6IkpXVCJ9.eyJzdWIiOiIxMjM0NTY3ODkwIiwibmFtZSI6IkpvaG4gRG9lIiwiaWF0IjoxNTE2MjM5MDIyfQ.SflKxwRJSMeKKF2QT4fwpMeJf36POk6yJV_adQssw5c"},"expires_in":{"type":"integer","description":"Expires in 3600 seconds","format":"int64","example":3600},"token_type":{"type":"string","description":"This value will always be `Bearer`.","example":"Bearer"}}},"UserConsentGetResponses":{"type":"object","additionalProperties":false,"properties":{"type":{"type":"string"},"id":{"type":"string","format":"uuid"},"created":{"type":"string","format":"date-time"},"updated":{"type":"string","format":"date-time"},"expiryDate":{"type":"string","format":"date-time"},"status":{"type":"string","description":"active, revoked and expired"},"purpose":{"$ref":"#/components/schemas/Purpose"},"data":{"$ref":"#/components/schemas/Data"},"revoked":{"type":"string","description":"To indicate when a user consent was revoked."},"links":{"properties":{"self":{"type":"string"}}}},"required":["created","data","expiryDate","id","purpose","status","type","updated"],"title":"UserConsentGetResponse"},"Data":{"type":"object","additionalProperties":false,"properties":{"retainData":{"type":"boolean"},"permissions":{"type":"array","items":{"$ref":"#/components/schemas/Permission"}}},"required":["permissions","retainData"],"title":"Data"},"Permission":{"type":"object","additionalProperties":false,"properties":{"scope":{"type":"string"},"required":{"type":"boolean"},"entity":{"type":"string"},"information":{"$ref":"#/components/schemas/Information"},"purpose":{"$ref":"#/components/schemas/Primary"}},"required":["entity","information","purpose","required","scope"],"title":"Permission"},"Information":{"type":"object","additionalProperties":false,"properties":{"name":{"type":"string"},"description":{"type":"string"},"attributeList":{"type":"array","items":{"type":"string"}}},"required":["attributeList","description","name"],"title":"Information"},"Primary":{"type":"object","additionalProperties":false,"properties":{"title":{"type":"string"},"description":{"type":"string"}},"required":["description","title"],"title":"Primary"},"Purpose":{"type":"object","additionalProperties":false,"properties":{"primary":{"$ref":"#/components/schemas/Primary"}},"required":["primary"],"title":"Purpose"}},"securitySchemes":{"api_key":{"type":"apiKey","name":"Authorization","in":"header","x-default":"Basic NjMxMjNmMWMtZjYxMy00ZjMyLWFiYzUtYzBhZDdhYTY2YmU1OjQ3NWYwMzhkLTBlZmItNGM1ZS1iMzQ0LTAzMzYxOTkyYTRlMw=="},"services_token":{"type":"http","scheme":"bearer","bearerFormat":"JWT"}}},"security":[{"api_key":[]},{"services_token":[]}],"x-readme":{"explorer-enabled":true,"proxy-enabled":true,"samples-enabled":true,"samples-languages":["curl","node","ruby","javascript","python"]}}