{
  "$schema": "https://titan.apimatic.io/api/build/schema",
  "buildFileVersion": "1",
  "generatePortal": {
    "contentFolder": "./",
    "apiSpecPath": "./spec",
    "apiSpecs": ["spec1","spec2"],
    "apiMergeSettings": {
      "type": "Full"
    },
    "languageConfig": {
      "http": {},
      "csharp": {},
      "java": {},
      "php": {},
      "python": {},
      "ruby": {},
      "typescript": {},
      "go": {}
    },
    "portalSettings": {
      "container": "apimatic-widget",
      "portalStyle": "default",
      "apiKey": "xxx",
      "baseUrl": "./",
      "enableExport": true,
      "enableAnalytics": true,
      "enableConsoleCalls": true,
      "useProxyForConsoleCalls": true,
      "languageSettings": {
        "http_curl_v1": {
          "sdkDownloadLink": "",
          "disableSdkDownload": false
        },
        "cs_net_standard_lib": {
          "sdkDownloadLink": "",
          "disableSdkDownload": false
        },
        "java_eclipse_jre_lib": {
          "sdkDownloadLink": "",
          "disableSdkDownload": false
        },
        "php_generic_lib_v2": {
          "sdkDownloadLink": "",
          "disableSdkDownload": false
        },
        "python_generic_lib": {
          "sdkDownloadLink": "",
          "disableSdkDownload": false
        },
        "ruby_generic_lib": {
          "sdkDownloadLink": "",
          "disableSdkDownload": false
        },
        "ts_generic_lib": {
          "sdkDownloadLink": "",
          "disableSdkDownload": false
        },
        "go_generic_lib": {
          "sdkDownloadLink": "",
          "disableSdkDownload": false
        }
      },
      "allowedExportFormats": [
        "postman10",
        "postman20",
        "openapi31json",
        "openapi31yaml",
        "openapi3json",
        "openapi3yaml",
        "swagger20",
        "swaggeryaml",
        "swagger10",
        "raml",
        "raml10",
        "apiblueprint",
        "wadl2009",
        "apimatic",
        "wsdl",
        "insomnia",
        "insomniayaml"
      ],
      "theme": {
        "colors": {
          "primaryColor": {
            "light": "#E31221",
            "dark": "#E31221"
          }
        }
      },
      "codegenApiRoutes": {
        "docsgen": "/static/docs/{template}.json",
        "codegen": "/static/sdks/{template}.zip",
        "transform": "/static/exports/{format}.{ext}"
      },
      "renameHttpToRest": false
    },
    "pageTitle": "banksapi developer portal",
    "navTitle": "Banksapi Developer Portal",
    "logoLink": "",
    "whiteLabel": false,
    "useHostedPortalScript": true,
    "debug": {
      "publishReport": false,
      "dumpImportedApi": false,
      "reportPath": "./apimatic-debug/apimatic-report.html",
      "importedApiDumpPath": "./apimatic-debug/imported-api-dump.json"
    }
  }
}
