{
  "get": {
    "tags": [
      "Funding Sources"
    ],
    "summary": "Get Funding Source",
    "description": "Get detailed information of a Funding Source by its ID.",
    "operationId": "getFundingSource",
    "parameters": [
      {
        "in": "path",
        "name": "id",
        "description": "UUID of Funding Source",
        "schema": {
          "type": "string",
          "format": "uuid"
        },
        "required": true
      }
    ],
    "responses": {
      "200": {
        "description": "OK",
        "content": {
          "application/vnd.dwolla.v1.hal+json": {
            "schema": {
              "$ref": "../../schemas/funding-sources/FundingSource.json#/FundingSource"
            },
            "example": {
              "_links": {
                "self": {
                  "href": "https://api.dwolla.com/funding-sources/9bb42992-a03b-422d-8c52-82b14828dbac",
                  "type": "application/vnd.dwolla.v1.hal+json",
                  "resource-type": "funding-source"
                },
                "external-party": {
                  "href": "https://api.dwolla.com/external-parties/83ded54e-7367-44e2-b7b4-ae1a5780beae",
                  "type": "application/vnd.dwolla.v1.hal+json",
                  "resource-type": "external-party"
                },
                "remove": {
                  "href": "https://api.dwolla.com/funding-sources/9bb42992-a03b-422d-8c52-82b14828dbac",
                  "type": "application/vnd.dwolla.v1.hal+json",
                  "resource-type": "funding-source"
                }
              },
              "id": "9bb42992-a03b-422d-8c52-82b14828dbac",
              "bankAccountType": "checking",
              "name": "Dwolla Bank",
              "created": "2023-07-15T17:52:37.211Z"
            }
          }
        }
      }
    }
  }
}
