{
  "post": {
    "tags": [
      "Treasury Accounts"
    ],
    "summary": "Create Treasury Account",
    "description": "Create a Treasury Account that can be attached to a Funding Source.",
    "operationId": "createTreasuryAccount",
    "requestBody": {
      "content": {
        "application/json": {
          "schema": {
            "$ref": "../../schemas/treasury-accounts/CreateTreasuryAccountRequestBody.json#/CreateTreasuryAccountRequestBody"
          },
          "examples": {
            "J.P. Morgan": {
              "value": {
                "_links": {
                  "treasuryPartner": {
                    "href": "https://api.dwolla.com/treasury-partners/eefc6eb3-1ffe-417a-aac1-1462ef762759"
                  }
                },
                "name": "My JPM Account",
                "treasuryPartnerContext": {
                  "achCoId": "4161803583"
                }
              }
            }
          }
        }
      }
    },
    "responses": {
      "201": {
        "description": "Created",
        "headers": {
          "Location": {
            "$ref": "../../schemas/common.json#/components/headers/Location"
          }
        }
      }
    }
  },
  "get": {
    "tags": [
      "Treasury Accounts"
    ],
    "summary": "List Treasury Accounts",
    "description": "List all Treasury Accounts that have been created by your application.",
    "operationId": "listTreasuryAccounts",
    "responses": {
      "200": {
        "description": "OK",
        "content": {
          "application/vnd.dwolla.v1.hal+json": {
            "schema": {
              "$ref": "../../schemas/treasury-accounts/TreasuryAccounts.json#/TreasuryAccounts"
            },
            "example": {
              "_links": {
                "self": {
                  "href": "https://api.dwolla.com/treasury-accounts",
                  "type": "application/vnd.dwolla.v1.hal+json",
                  "resource-type": "treasury-account"
                }
              },
              "_embedded": {
                "treasury-accounts": [
                  {
                    "_links": {
                      "self": {
                        "href": "https://api.dwolla.com/treasury-accounts/e60d1372-f398-4c03-b4e7-499a4a7f8b27",
                        "type": "application/vnd.dwolla.v1.hal+json",
                        "resource-type": "treasury-account"
                      },
                      "treasury-partner": {
                          "href": "https://api.dwolla.com/treasury-partners/eefc6eb3-1ffe-417a-aac1-1462ef762759",
                          "type": "application/vnd.dwolla.v1.hal+json",
                          "resource-type": "treasury-partners"
                      },
                      "account": {
                          "href": "https://api.dwolla.com/accounts/d4a0876f-642e-478b-b684-bfb8632c5937",
                          "type": "application/vnd.dwolla.v1.hal+json",
                          "resource-type": "account"
                      }
                    },
                    "id": "e60d1372-f398-4c03-b4e7-499a4a7f8b27",
                    "name": "Test JPM Account",
                    "created": "2023-07-14T19:16:46.694Z",
                    "treasuryPartnerContext": {
                      "achCoId": "4161803583"
                    }
                  }
                ]
              }
            }
          }
        }
      }
    }
  }
}
