{
  "get": {
    "tags": [
      "Treasury Accounts"
    ],
    "summary": "Get Treasury Account",
    "description": "Get detailed information of a Treasury Account by ID.",
    "operationId": "getTreasuryAccount",
    "parameters": [
      {
        "in": "path",
        "name": "id",
        "description": "UUID of Treasury Account",
        "schema": {
          "type": "string",
          "format": "uuid"
        },
        "required": true
      }
    ],
    "responses": {
      "200": {
        "description": "OK",
        "content": {
          "application/vnd.dwolla.v1.hal+json": {
            "schema": {
              "$ref": "../../schemas/treasury-accounts/TreasuryAccount.json#/TreasuryAccount"
            },
            "examples": {
              "J.P. Morgan": {
                "value": {
                  "_links": {
                    "self": {
                      "href": "https://api.dwolla.com/treasury-accounts/e60d1372-f398-4c03-b4e7-499a4a7f8b27",
                      "type": "application/vnd.dwolla.v1.hal+json",
                      "resource-type": "treasury-account"
                    },
                    "treasury-partner": {
                        "href": "https://api.dwolla.com/treasury-partners/eefc6eb3-1ffe-417a-aac1-1462ef762759",
                        "type": "application/vnd.dwolla.v1.hal+json",
                        "resource-type": "treasury-partners"
                    },
                    "account": {
                        "href": "https://api.dwolla.com/accounts/d4a0876f-642e-478b-b684-bfb8632c5937",
                        "type": "application/vnd.dwolla.v1.hal+json",
                        "resource-type": "account"
                    }
                  },
                  "id": "e60d1372-f398-4c03-b4e7-499a4a7f8b27",
                  "name": "My JPM Account",
                  "created": "2023-07-14T19:16:46.694Z",
                  "treasuryPartnerContext": {
                    "achCoId": "4161803583"
                  }
                }
              }
            }
          }
        }
      }
    }
  }
}
