{
  "post": {
    "tags": [
      "Exchanges"
    ],
    "summary": "Create exchange for an External Party",
    "description": "Create exchange for an External Party",
    "operationId": "createExchangeForExternalParty",
    "parameters": [
      {
        "in": "path",
        "name": "id",
        "description": "UUID of External Party",
        "schema": {
          "type": "string",
          "format": "uuid"
        },
        "required": true
      }
    ],
    "requestBody": {
      "content": {
        "application/json": {
          "schema": {
            "oneOf": [
              {
                "$ref": "../../schemas/exchanges/createFinicityExchangeRequestBody.json#/CreateFinicityExchangeRequestBody"
              },
              {
                "$ref": "../../schemas/exchanges/createMXExchangeRequestBody.json#/CreateMXExchangeRequestBody"
              }
            ]
          }
        }
      }
    },
    "responses": {
      "201": {
        "description": "Created",
        "headers": {
          "Location": {
            "$ref": "../../schemas/common.json#/components/headers/Location"
          }
        }
      }
    }
  },
  "get": {
    "tags": [
      "Exchanges"
    ],
    "summary": "List exchanges for an External Party",
    "description": "List exchanges for an External Party",
    "operationId": "listExchangesForExternalParty",
    "parameters": [
      {
        "in": "path",
        "name": "id",
        "description": "UUID of External Party",
        "schema": {
          "type": "string",
          "format": "uuid"
        },
        "required": true
      }
    ],
    "responses": {
      "200": {
        "description": "Ok",
        "headers": {},
        "content": {
          "application/vnd.dwolla.v1.hal+json": {
            "schema": {
              "$ref": "../../schemas/exchanges/Exchanges.json#/Exchanges"
            },
            "example": {
              "_links": {
                "self": {
                  "href": "https://api.dwolla.com/exchanges",
                  "type": "application/vnd.dwolla.v1.hal+json",
                  "resource-type": "exchange"
                }
              },
              "_embedded": {
                "exchanges": [
                  {
                    "_links": {
                      "self": {
                        "href": "https://api.dwolla.com/exchanges/92822961-3a7f-42c0-b0cc-7ffef05717fa",
                        "type": "application/vnd.dwolla.v1.hal+json",
                        "resource-type": "exchange"
                      },
                      "exchange-partner": {
                        "href": "https://api.dwolla.com/exchange-partners/bca8d065-49a5-475b-a6b4-509bc8504d22",
                        "type": "application/vnd.dwolla.v1.hal+json",
                        "resource-type": "exchange-partner"
                      },
                      "funding-sources": {
                        "href": "https://api.dwolla.com/funding-sources",
                        "type": "application/vnd.dwolla.v1.hal+json",
                        "resource-type": "funding-source"
                      }
                    },
                    "id": "92822961-3a7f-42c0-b0cc-7ffef05717fa",
                    "status": "active",
                    "created": "2022-10-19T17:44:44.864Z"
                  }
                ]
              },
              "total": 1
            }
          }
        }
      }
    }
  }
}
