{
  "get": {
    "tags": [
      "Exchanges"
    ],
    "summary": "List exchange partners",
    "description": "List exchange partners",
    "operationId": "listExchangePartners",
    "responses": {
      "200": {
        "description": "Ok",
        "content": {
          "application/vnd.dwolla.v1.hal+json": {
            "schema": {
              "$ref": "../../schemas/exchanges/ExchangePartners.json#/ExchangePartners"
            },
            "example" : {
              "_links": {
                "self": {
                  "href": "https://api.dwolla.com/exchange-partners",
                  "type": "application/vnd.dwolla.v1.hal+json",
                  "resource-type": "exchange-partner"
                }
              },
              "_embedded": {
                "exchange-partners": [
                  {
                    "_links": {
                      "self": {
                        "href": "https://api.dwolla.com/exchange-partners/292317ec-e252-47d8-93c3-2d128e037aa4",
                        "type": "application/vnd.dwolla.v1.hal+json",
                        "resource-type": "exchange-partner"
                      },
                      "funding-source": {
                        "href": "https://api.dwolla.com/funding-sources",
                        "type": "application/vnd.dwolla.v1.hal+json",
                        "resource-type": "funding-source"
                      }
                    },
                    "id": "292317ec-e252-47d8-93c3-2d128e037aa4",
                    "name": "Finicity",
                    "status": "active",
                    "created": "2022-05-17T16:08:52.146Z"
                  },
                  {
                    "_links": {
                      "self": {
                        "href": "https://api.dwolla.com/exchange-partners/e5e9f2d3-a96c-4abd-a097-8ec7ae28aa8a",
                        "type": "application/vnd.dwolla.v1.hal+json",
                        "resource-type": "exchange-partner"
                      },
                      "funding-source": {
                        "href": "https://api.dwolla.com/funding-sources",
                        "type": "application/vnd.dwolla.v1.hal+json",
                        "resource-type": "funding-source"
                      }
                    },
                    "id": "e5e9f2d3-a96c-4abd-a097-8ec7ae28aa8a",
                    "name": "MX",
                    "status": "active",
                    "created": "2022-08-30T19:31:59.106Z"
                  },
                  {
                    "_links": {
                      "self": {
                        "href": "https://api.dwolla.com/exchange-partners/a0b22a57-68df-4450-b507-47c937e64e89",
                        "type": "application/vnd.dwolla.v1.hal+json",
                        "resource-type": "exchange-partner"
                      },
                      "funding-source": {
                        "href": "https://api.dwolla.com/funding-sources",
                        "type": "application/vnd.dwolla.v1.hal+json",
                        "resource-type": "funding-source"
                      }
                    },
                    "id": "a0b22a57-68df-4450-b507-47c937e64e89",
                    "name": "Flinks",
                    "status": "active",
                    "created": "2023-05-15T14:43:47.615Z"
                  }
                ]
              },
              "total": 3
            }
          }
        }
      }
    }
  }
}
