{
  "Exchanges": {
    "title": "Exchanges",
    "type": "object",
    "properties": {
      "_links": {
        "additionalProperties": {
          "$ref": "../common.json#/components/schemas/HalLink"
        }
      },
      "_embedded": {
        "type": "object",
        "properties": {
          "exchanges": {
            "type": "array",
            "items": {
              "$ref": "./Exchange.json#/Exchange"
            }
          }
        }
      },
      "total": {
        "type": "integer",
        "format": "int32"
      }
    }
  }
}
