{
  "components": {
    "headers": {
      "Location": {
        "description": "URL of the successfully created resource",
        "schema": {
          "type": "string"
        }
      }
    },
    "schemas": {
      "Amount": {
        "title": "Amount",
        "type": "object",
        "properties": {
          "currency": {
            "type": "string",
            "enum": [
              "USD"
            ]
          },
          "value": {
            "type": "string"
          }
        }
      },
      "HalLink": {
        "title": "HalLink",
        "type": "object",
        "properties": {
          "href": {
            "type": "string"
          },
          "type": {
            "type": "string"
          },
          "resource-type": {
            "type": "string"
          }
        }
      }
    }
  }
}