{
  "TreasuryAccount": {
    "title": "TreasuryAccount",
    "type": "object",
    "properties": {
      "_links": {
        "additionalProperties": {
          "$ref": "../common.json#/components/schemas/HalLink"
        }
      },
      "id": {
        "type": "string",
        "format": "uuid"
      },
      "name": {
        "type": "string"
      },
      "created": {
        "type": "string",
        "format": "date-time"
      },
      "accountId": {
        "type": "string",
        "format": "uuid"
      },
      "treasuryPartnerId": {
        "type": "string",
        "format": "uuid"
      },
      "treasuryPartnerContext": {
        "oneOf": [
          {
            "$ref": "#/TreasuryPartnerContextJPM"
          },
          {
            "$ref": "#/TreasuryPartnerContextWF"
          }
        ]
      }
    }
  },
  "TreasuryPartnerContextJPM": {
    "title": "TreasuryPartnerContextJPM",
    "type": "object",
    "properties": {
      "achCoId": {
        "type": "string"
      }
    }
  },
  "TreasuryPartnerContextWF": {
    "title": "TreasuryPartnerContextWF",
    "type": "object",
    "properties": {
      "gatewayCompanyId": {
        "type": "string"
      }
    }
  }
}