{
  "CreateTransferRequestBody": {
    "title": "CreateTransferRequestBody",
    "type": "object",
    "properties": {
      "_links": {
        "type": "object",
        "properties": {
          "source": {
            "type": "object",
            "properties": {
              "href": {
                "type": "string"
              }
            },
            "required": [
              "href"
            ]
          },
          "destination": {
            "type": "object",
            "properties": {
              "href": {
                "type": "string"
              }
            },
            "required": [
              "href"
            ]
          }
        },
        "required": [
          "source",
          "destination"
        ]
      },
      "amount": {
        "$ref": "../common.json#/components/schemas/Amount"
      }
    },
    "required": [
      "_links",
      "amount"
    ]
  }
}