{
  "Transfer": {
    "title": "Transfer",
    "type": "object",
    "properties": {
      "_links": {
        "additionalProperties": {
          "$ref": "../common.json#/components/schemas/HalLink"
        }
      },
      "id": {
        "type": "string",
        "format": "uuid"
      },
      "created": {
        "type": "string",
        "format": "date-time"
      },
      "amount": {
        "$ref": "../common.json#/components/schemas/Amount"
      },
      "status": {
        "type": "string",
        "enum": [
          "created",
          "pending",
          "processed",
          "failed",
          "returned"
        ]
      },
      "processingChannel": {
        "type": "string",
        "enum": [
          "ach"
        ]
      },
      "failureReason": {
        "type": "object",
        "properties": {
          "description": {
            "type": "string"
          },
          "code": {
            "type": "string"
          },
          "explanation": {
            "type": "string"
          }
        }
      }
    }
  }
}
